relation_id,relation_name,mapping_type,train_support,test_support,head_support,tail_support,eligible_support,inverse_strength,best_inverse_partner_id,best_inverse_partner_name,best_inverse_score,best_inverse_overlap_count,hits_r,alpha_r,delta_r
0,/location/country/form_of_government,M-N,298,43,43,43,67,0.0,1,/tv/tv_program/regular_cast./tv/regular_tv_appearance/actor,0.0,0,0.6445182817322868,0.28358209133148193,0.1791044776119403
1,/tv/tv_program/regular_cast./tv/regular_tv_appearance/actor,1-N,1272,91,91,91,72,0.3498427672955975,38,/award/award_nominee/award_nominations./award/award_nomination/nominated_for,0.3498427672955975,445,0.23940346283572062,0.625,0.3055555555555556
2,/media_common/netflix_genre/titles,M-N,2671,124,124,124,144,0.48408835642081616,31,/film/film/genre,0.48408835642081616,1293,0.4879032245704106,0.3333333432674408,0.1875
3,/award/award_winner/awards_won./award/award_honor/award_winner,M-N,8423,41,41,41,55,0.7446278048201354,8,/award/award_nominee/award_nominations./award/award_nomination/award_nominee,0.7446278048201354,6272,0.5975609762328011,0.23636363446712494,0.12727272727272726
4,/soccer/football_team/current_roster./sports/sports_team_roster/position,M-N,2262,12,12,12,12,0.8081343943412909,130,/sports/sports_position/players./sports/sports_team_roster/team,0.8081343943412909,1828,0.5,0.0,0.0
5,/soccer/football_team/current_roster./soccer/football_roster_position/position,M-N,2265,10,10,10,10,0.8141280353200883,130,/sports/sports_position/players./sports/sports_team_roster/team,0.8141280353200883,1844,0.5,0.0,0.0
6,/film/actor/film./film/performance/film,M-N,9494,836,836,836,349,0.1014324836738993,12,/award/award_winning_work/awards_won./award/award_honor/award_winner,0.1014324836738993,963,0.11508885664599282,0.7134670615196228,0.335243553008596
7,/award/award_category/nominees./award/award_nomination/nominated_for,M-N,9465,858,858,858,1058,0.23423137876386688,30,/award/award_winning_work/awards_won./award/award_honor/award,0.23423137876386688,2217,0.4850149835859026,0.43005672097206116,0.1890359168241966
8,/award/award_nominee/award_nominations./award/award_nomination/award_nominee,M-N,15989,214,214,214,359,0.3922696854087185,3,/award/award_winner/awards_won./award/award_honor/award_winner,0.3922696854087185,6272,0.760347136429378,0.19498607516288757,0.08913649025069638
9,/music/performance_role/regular_performances./music/group_membership/role,M-N,2655,40,40,40,35,0.44708097928436913,75,/music/performance_role/track_performances./music/track_contribution/role,0.44708097928436913,1187,0.2464285705770765,0.7142857313156128,0.3142857142857143
10,/award/award_category/winners./award/award_honor/ceremony,M-N,2834,323,323,323,619,0.0,0,/location/country/form_of_government,0.0,0,0.9179566502571106,0.11308562010526657,0.05815831987075929
11,/film/film/release_date_s./film/film_regional_release_date/film_release_distribution_medium,M-1,1429,158,158,158,174,0.0,0,/location/country/form_of_government,0.0,0,0.5108499016080584,0.09195402264595032,0.05747126436781609
12,/award/award_winning_work/awards_won./award/award_honor/award_winner,M-N,2992,24,24,24,29,0.7754010695187166,38,/award/award_nominee/award_nominations./award/award_nomination/nominated_for,0.7754010695187166,2320,0.45833333475249155,0.3448275923728943,0.2413793103448276
13,/film/film/release_date_s./film/film_regional_release_date/film_release_region,M-N,12893,1447,1447,1447,2202,0.003335143100907469,2,/media_common/netflix_genre/titles,0.003335143100907469,43,0.5800671322005135,0.48092642426490784,0.21435059037238874
14,/film/film/language,M-N,2570,314,314,314,467,0.01906614785992218,2,/media_common/netflix_genre/titles,0.01906614785992218,49,0.616469510963985,0.3276231288909912,0.15845824411134904
15,/location/location/contains,M-N,5201,330,330,330,378,0.0886368006152663,133,/base/biblioness/bibs_location/country,0.0886368006152663,461,0.45800866399492535,0.36243385076522827,0.16137566137566137
16,/organization/organization/headquarters./location/mailing_address/country,M-1,182,7,7,7,6,0.5659340659340659,15,/location/location/contains,0.5659340659340659,103,0.4285714328289032,0.0,0.0
17,/people/person/profession,M-N,10945,1311,1311,1311,1668,0.0001827318410232983,20,/music/genre/artists,0.0001827318410232983,2,0.5443500110081264,0.2625899314880371,0.11750599520383694
18,/location/statistical_region/religions./location/religion_percentage/religion,M-N,596,60,60,60,109,0.0,0,/location/country/form_of_government,0.0,0,0.7880952443395343,0.26605504751205444,0.14678899082568808
19,/award/award_nominee/award_nominations./award/award_nomination/award,M-N,12157,1067,1067,1067,1236,0.31932220120095417,47,/award/award_category/winners./award/award_honor/award_winner,0.31932220120095417,3882,0.44818583130836487,0.44983819127082825,0.19579288025889968
20,/music/genre/artists,M-N,5880,664,664,664,832,0.0003401360544217687,17,/people/person/profession,0.0003401360544217687,2,0.46987952079091755,0.45673078298568726,0.20432692307692307
21,/influence/influence_node/influenced_by,M-N,1908,235,235,235,226,0.013626834381551363,196,/influence/influence_node/peers./influence/peer_relationship/peers,0.013626834381551363,26,0.31094224538121906,0.6548672318458557,0.3141592920353982
22,/education/educational_institution/students_graduates./education/education/student,1-N,2640,311,311,311,174,0.006818181818181818,159,/people/person/employment_history./business/employment_tenure/company,0.006818181818181818,18,0.1635277909891946,0.7126436829566956,0.3103448275862069
23,/organization/organization_member/member_of./organization/organization_membership/organization,M-N,797,96,96,96,177,0.050188205771643665,168,/user/ktrueman/default_domain/international_organization/member_states,0.050188205771643665,40,0.8422619019235883,0.16384181380271912,0.0903954802259887
24,/people/person/place_of_birth,M-1,2465,170,170,170,87,0.00040567951318458417,21,/influence/influence_node/influenced_by,0.00040567951318458417,1,0.18193277716636658,0.5517241358757019,0.26436781609195403
25,/common/topic/webpage./common/webpage/category,M-1,3612,402,402,402,418,0.0,0,/location/country/form_of_government,0.0,0,0.5076403617858887,0.031100478023290634,0.019138755980861243
26,/film/film/other_crew./film/film_crew_gig/film_crew_role,M-N,5305,606,606,606,767,0.0,0,/location/country/form_of_government,0.0,0,0.5410183923585075,0.24250325560569763,0.1121251629726206
27,/award/award_ceremony/awards_presented./award/award_honor/award_winner,M-N,2727,317,317,317,383,0.0,0,/location/country/form_of_government,0.0,0,0.46597567200660706,0.4647519588470459,0.22193211488250653
28,/film/film/country,M-1,2407,131,131,131,137,0.06522642293311176,2,/media_common/netflix_genre/titles,0.06522642293311176,157,0.48364231841904776,0.131386861205101,0.06569343065693431
29,/olympics/olympic_sport/athletes./olympics/olympic_athlete_affiliation/country,M-N,2130,258,258,258,438,0.0,0,/location/country/form_of_government,0.0,0,0.6973975556237357,0.38127854466438293,0.1872146118721461
30,/award/award_winning_work/awards_won./award/award_honor/award,M-N,3310,118,118,118,123,0.6697885196374622,7,/award/award_category/nominees./award/award_nomination/nominated_for,0.6697885196374622,2217,0.3765133193561009,0.4796747863292694,0.24390243902439024
31,/film/film/genre,M-N,7268,722,722,722,818,0.1779031370390754,2,/media_common/netflix_genre/titles,0.1779031370390754,1293,0.46299960783549715,0.3484107553958893,0.1552567237163814
32,/film/film_distributor/films_distributed./film/film_film_distributor_relationship/film,M-N,2337,160,160,160,176,0.3080872913992298,86,/film/film/production_companies,0.3080872913992298,720,0.4227678562913622,0.46022728085517883,0.2159090909090909
33,/location/statistical_region/rent50_2./measurement_unit/dated_money_value/currency,M-1,373,46,46,46,55,0.0,0,/location/country/form_of_government,0.0,0,0.5232919199126107,0.16363635659217834,0.12727272727272726
34,/film/film/estimated_budget./measurement_unit/dated_money_value/currency,M-1,1210,151,151,151,207,0.0,0,/location/country/form_of_government,0.0,0,0.5704825009618487,0.256038635969162,0.11594202898550725
35,/government/legislative_session/members./government/government_position_held/district_represented,M-N,1070,117,117,117,233,0.0,0,/location/country/form_of_government,0.0,0,0.9597069365637643,0.09442060440778732,0.04721030042918455
36,/sports/sports_team/roster./american_football/football_historical_roster_position/position_s,M-N,622,1,1,1,1,0.8167202572347267,130,/sports/sports_position/players./sports/sports_team_roster/team,0.8167202572347267,508,0.5,0.0,0.0
37,/government/government_office_category/officeholders./government/government_position_held/jurisdiction_of_office,M-N,760,91,91,91,144,0.0,0,/location/country/form_of_government,0.0,0,0.6318681495530265,0.3611111044883728,0.16666666666666666
38,/award/award_nominee/award_nominations./award/award_nomination/nominated_for,M-N,6277,132,132,132,126,0.3696033136848813,12,/award/award_winning_work/awards_won./award/award_honor/award_winner,0.3696033136848813,2320,0.3582251114504678,0.460317462682724,0.2619047619047619
39,/people/deceased_person/place_of_death,M-1,695,78,78,78,60,0.0,0,/location/country/form_of_government,0.0,0,0.3021978097302573,0.4000000059604645,0.2
40,/sports/pro_athlete/teams./sports/sports_team_roster/team,M-N,676,16,16,16,21,0.0,0,/location/country/form_of_government,0.0,0,0.46875,0.4761904776096344,0.47619047619047616
41,/music/artist/track_contributions./music/track_contribution/role,M-N,1772,152,152,152,161,0.2742663656884876,42,/music/instrument/instrumentalists,0.2742663656884876,486,0.3735902224268232,0.5776397585868835,0.2670807453416149
42,/music/instrument/instrumentalists,M-N,1938,153,153,153,164,0.25077399380804954,41,/music/artist/track_contributions./music/track_contribution/role,0.25077399380804954,486,0.4267040193080902,0.396341472864151,0.16463414634146342
43,/people/person/gender,M-1,3717,436,436,436,508,0.0,0,/location/country/form_of_government,0.0,0,0.5296526891844613,0.13188976049423218,0.0610236220472441
44,/business/job_title/people_with_this_title./business/employment_tenure/company,M-N,734,85,85,85,115,0.005449591280653951,36,/sports/sports_team/roster./american_football/football_historical_roster_position/position_s,0.005449591280653951,4,0.540336149079459,0.313043475151062,0.17391304347826086
45,/base/popstra/celebrity/friendship./base/popstra/friendship/participant,M-N,1511,32,32,32,14,0.10787557908669755,8,/award/award_nominee/award_nominations./award/award_nomination/award_nominee,0.10787557908669755,163,0.10491071428571429,0.7142857313156128,0.5714285714285714
46,/business/business_operation/industry,M-1,330,41,41,41,58,0.0,0,/location/country/form_of_government,0.0,0,0.5470383337565831,0.43103447556495667,0.1896551724137931
47,/award/award_category/winners./award/award_honor/award_winner,M-N,5673,217,217,217,250,0.6842940243257536,19,/award/award_nominee/award_nominations./award/award_nomination/award,0.6842940243257536,3882,0.42001316802842276,0.5120000243186951,0.224
48,/people/person/nationality,M-1,4197,494,494,494,557,0.0004765308553728854,122,/base/popstra/location/vacationers./base/popstra/vacation_choice/vacationer,0.0004765308553728854,2,0.5208212988717216,0.13285458087921143,0.06463195691202872
49,/sports/sports_team/roster./baseball/baseball_roster_position/position,M-N,183,3,3,3,6,0.8032786885245902,130,/sports/sports_position/players./sports/sports_team_roster/team,0.8032786885245902,147,1.0,0.0,0.0
50,/people/cause_of_death/people,1-N,737,94,94,94,75,0.0,0,/location/country/form_of_government,0.0,0,0.2819148898124695,0.5199999809265137,0.24
51,/tv/tv_program/languages,M-1,254,24,24,24,47,0.0,0,/location/country/form_of_government,0.0,0,0.9345238123621259,0.10638298094272614,0.06382978723404255
52,/music/genre/parent_genre,M-N,678,97,97,97,134,0.0014749262536873156,20,/music/genre/artists,0.0014749262536873156,1,0.5508100049836295,0.44029849767684937,0.1865671641791045
53,/base/popstra/celebrity/breakup./base/popstra/breakup/participant,1-1,153,0,0,0,0,0.7320261437908496,77,/base/popstra/celebrity/dated./base/popstra/dated/participant,0.7320261437908496,112,,,
54,/location/country/capital,1-1,142,11,11,11,9,0.4014084507042254,133,/base/biblioness/bibs_location/country,0.4014084507042254,57,0.29220779878752573,0.7777777910232544,0.5555555555555556
55,/film/special_film_performance_type/film_performance_type./film/performance/film,1-N,93,11,11,11,14,0.0,0,/location/country/form_of_government,0.0,0,0.6298701167106628,0.0714285746216774,0.07142857142857142
56,/location/hud_county_place/place,1-1,459,48,48,48,96,0.02832244008714597,111,/location/hud_county_place/county,0.02832244008714597,13,1.0,0.0,0.0
57,/music/performance_role/guest_performances./music/recording_contribution/performance_role,M-N,497,2,2,2,4,0.5975855130784709,75,/music/performance_role/track_performances./music/track_contribution/role,0.5975855130784709,297,0.6785714285714286,0.5,0.25
58,/location/location/adjoin_s./location/adjoining_relationship/adjoins,M-N,2051,55,55,55,93,0.017064846416382253,152,/military/military_combatant/military_conflicts./military/military_combatant_group/combatants,0.017064846416382253,35,0.7246753232819694,0.31182795763015747,0.21505376344086022
59,/film/film_subject/films,1-N,603,77,77,77,70,0.02321724709784411,31,/film/film/genre,0.02321724709784411,14,0.329313542161669,0.5428571701049805,0.24285714285714285
60,/base/schemastaging/person_extra/net_worth./measurement_unit/dated_money_value/currency,M-1,475,60,60,60,71,0.0,0,/location/country/form_of_government,0.0,0,0.5261904767581395,0.15492957830429077,0.11267605633802817
61,/education/educational_institution/colors,M-N,856,90,90,90,92,0.0,0,/location/country/form_of_government,0.0,0,0.4238095240933554,0.33695653080940247,0.1956521739130435
62,/base/aareas/schema/administrative_area/administrative_parent,M-1,579,25,25,25,46,0.6096718480138169,15,/location/location/contains,0.6096718480138169,353,0.8828571353639875,0.06521739065647125,0.043478260869565216
63,/organization/role/leaders./organization/leadership/organization,1-N,756,70,70,70,82,0.0,0,/location/country/form_of_government,0.0,0,0.5255102089473179,0.1463414579629898,0.07317073170731707
64,/government/legislative_session/members./government/government_position_held/legislative_sessions,M-N,814,13,13,13,26,0.0,0,/location/country/form_of_government,0.0,0,1.0,0.0,0.0
65,/olympics/olympic_games/sports,M-N,664,13,13,13,26,0.39457831325301207,104,/olympics/olympic_sport/athletes./olympics/olympic_athlete_affiliation/olympics,0.39457831325301207,262,1.0,0.0,0.0
66,/people/person/places_lived./people/place_lived/location,M-N,3738,305,305,305,173,0.002140181915462814,122,/base/popstra/location/vacationers./base/popstra/vacation_choice/vacationer,0.002140181915462814,8,0.1950819662639073,0.5491329431533813,0.2658959537572254
67,/award/award_category/disciplines_or_subjects,M-N,204,15,15,15,26,0.0,0,/location/country/form_of_government,0.0,0,0.7523809501102993,0.26923078298568726,0.19230769230769232
68,/sports/professional_sports_team/draft_picks./sports/sports_league_draft_pick/school,M-N,688,86,86,86,98,0.0,0,/location/country/form_of_government,0.0,0,0.27740863391331266,0.8061224222183228,0.3673469387755102
69,/olympics/olympic_participating_country/medals_won./olympics/olympic_medal_honor/olympics,M-N,1153,63,63,63,105,0.18300086730268864,157,/olympics/olympic_games/participating_countries,0.18300086730268864,211,0.7721088358334133,0.21904762089252472,0.09523809523809523
70,/language/human_language/countries_spoken_in,M-N,335,25,25,25,34,0.39104477611940297,221,/location/country/official_language,0.39104477611940297,131,0.4428571420056479,0.5882353186607361,0.29411764705882354
71,/people/ethnicity/people,1-N,2063,251,251,251,257,0.0,0,/location/country/form_of_government,0.0,0,0.41519635915756226,0.35797664523124695,0.20233463035019456
72,/olympics/olympic_participating_country/athletes./olympics/olympic_athlete_affiliation/olympics,M-N,760,31,31,31,37,0.24210526315789474,157,/olympics/olympic_games/participating_countries,0.24210526315789474,184,0.4539170392921993,0.37837839126586914,0.24324324324324326
73,/olympics/olympic_participating_country/medals_won./olympics/olympic_medal_honor/medal,M-N,256,38,38,38,70,0.0,0,/location/country/form_of_government,0.0,0,0.8571428741727557,0.15714286267757416,0.08571428571428572
74,/film/film/other_crew./film/film_crew_gig/crewmember,M-1,384,26,26,26,28,0.24479166666666666,38,/award/award_nominee/award_nominations./award/award_nomination/nominated_for,0.24479166666666666,94,0.3516483519758497,0.7142857313156128,0.35714285714285715
75,/music/performance_role/track_performances./music/track_contribution/role,M-N,3795,53,53,53,51,0.31277997364953886,9,/music/performance_role/regular_performances./music/group_membership/role,0.31277997364953886,1187,0.33153638669422697,0.6078431606292725,0.3137254901960784
76,/music/record_label/artist,M-N,2226,266,266,266,242,0.006289308176100629,159,/people/person/employment_history./business/employment_tenure/company,0.006289308176100629,14,0.283297530242375,0.6983470916748047,0.32644628099173556
77,/base/popstra/celebrity/dated./base/popstra/dated/participant,M-N,1404,11,11,11,0,0.09686609686609686,164,/celebrities/celebrity/sexual_relationships./celebrities/romantic_relationship/celebrity,0.09686609686609686,136,0.0,,
78,/base/locations/continents/countries_within,1-N,125,5,5,5,9,0.0,0,/location/country/form_of_government,0.0,0,0.714285705770765,0.3333333432674408,0.2222222222222222
79,/sports/sports_league_draft/picks./sports/sports_league_draft_pick/school,M-N,269,42,42,42,63,0.0,0,/location/country/form_of_government,0.0,0,0.5714285714285714,0.5396825671195984,0.30158730158730157
80,/sports/sports_team/sport,M-1,423,53,53,53,101,0.0,0,/location/country/form_of_government,0.0,0,0.8530997378485543,0.21782177686691284,0.12871287128712872
81,/education/educational_institution_campus/educational_institution,1-1,526,13,13,13,26,0.8079847908745247,146,/education/educational_institution/campuses,0.8079847908745247,425,1.0,0.0,0.0
82,/people/person/religion,M-1,1085,127,127,127,131,0.0,0,/location/country/form_of_government,0.0,0,0.4583801967757089,0.221374049782753,0.09923664122137404
83,/organization/organization/headquarters./location/mailing_address/citytown,M-1,852,55,55,55,66,0.38028169014084506,15,/location/location/contains,0.38028169014084506,324,0.3428571437086378,0.7121211886405945,0.3333333333333333
84,/film/film/produced_by,M-1,1285,60,60,60,58,0.3867704280155642,38,/award/award_nominee/award_nominations./award/award_nomination/nominated_for,0.3867704280155642,497,0.37380952494485037,0.43103447556495667,0.25862068965517243
85,/people/person/spouse_s./people/marriage/type_of_union,M-1,2909,346,346,346,357,0.0,0,/location/country/form_of_government,0.0,0,0.5055739113262722,0.030812324956059456,0.01680672268907563
86,/film/film/production_companies,M-1,1568,84,84,84,107,0.45918367346938777,32,/film/film_distributor/films_distributed./film/film_film_distributor_relationship/film,0.45918367346938777,720,0.5119047548089709,0.4579439163208008,0.24299065420560748
87,/location/country/second_level_divisions,1-N,463,46,46,46,53,0.11663066954643629,135,/location/administrative_division/country,0.11663066954643629,54,0.52173912525177,0.1320754736661911,0.09433962264150944
88,/base/culturalevent/event/entity_involved,M-N,276,20,20,20,18,0.0,0,/location/country/form_of_government,0.0,0,0.32500000085149494,0.6111111044883728,0.2222222222222222
89,/education/educational_degree/people_with_this_degree./education/education/institution,M-N,2257,287,287,287,411,0.00044306601683650863,124,/education/educational_institution/school_type,0.00044306601683650863,1,0.5943255509649005,0.29927006363868713,0.13381995133819952
90,/film/film/distributors./film/film_film_distributor_relationship/film_distribution_medium,M-1,285,38,38,38,58,0.0,0,/location/country/form_of_government,0.0,0,0.6184210436684745,0.3103448152542114,0.15517241379310345
91,/tv/tv_program/tv_producer./tv/tv_producer_term/producer_type,M-1,121,11,11,11,20,0.0,0,/location/country/form_of_government,0.0,0,0.7792207768985203,0.30000001192092896,0.15
92,/music/performance_role/regular_performances./music/group_membership/group,M-N,1327,167,167,167,272,0.003014318010550113,41,/music/artist/track_contributions./music/track_contribution/role,0.003014318010550113,4,0.6843455859592983,0.31985294818878174,0.16911764705882354
93,/government/politician/government_positions_held./government/government_position_held/legislative_sessions,M-N,215,30,30,30,59,0.0,0,/location/country/form_of_government,0.0,0,0.8785714166504996,0.1525423675775528,0.11864406779661017
94,/sports/sports_team_location/teams,1-1,331,53,53,53,18,0.015105740181268883,83,/organization/organization/headquarters./location/mailing_address/citytown,0.015105740181268883,5,0.04312668527875628,0.9444444179534912,0.3888888888888889
95,/sports/sports_team/colors,M-N,689,77,77,77,85,0.0,0,/location/country/form_of_government,0.0,0,0.48608533825193134,0.21176470816135406,0.09411764705882353
96,/sports/professional_sports_team/draft_picks./sports/sports_league_draft_pick/draft,M-N,437,43,43,43,86,0.0,0,/location/country/form_of_government,0.0,0,1.0,0.0,0.0
97,/award/award_nominated_work/award_nominations./award/award_nomination/nominated_for,M-N,717,16,16,16,31,0.2580195258019526,141,/award/award_winning_work/awards_won./award/award_honor/honored_for,0.2580195258019526,185,0.8839285714285714,0.12903225421905518,0.12903225806451613
98,/baseball/baseball_team/team_stats./baseball/baseball_team_stats/season,M-N,233,27,27,27,54,0.0,0,/location/country/form_of_government,0.0,0,0.9894179957253593,0.018518518656492233,0.018518518518518517
99,/user/alexander/philosophy/philosopher/interests,M-N,100,9,9,9,15,0.0,0,/location/country/form_of_government,0.0,0,0.6587301662990025,0.3333333432674408,0.3333333333333333
100,/people/person/languages,M-1,783,98,98,98,124,0.0038314176245210726,140,/education/field_of_study/students_majoring./education/education/student,0.0038314176245210726,3,0.5714285799435207,0.17741934955120087,0.07258064516129033
101,/education/educational_institution/students_graduates./education/education/major_field_of_study,M-N,2622,321,321,321,374,0.0,0,/location/country/form_of_government,0.0,0,0.3802848160266876,0.6550801992416382,0.32887700534759357
102,/film/director/film,1-N,859,19,19,19,17,0.3469150174621653,109,/film/film/written_by,0.3469150174621653,298,0.3082706800528935,0.47058823704719543,0.35294117647058826
103,/award/award_ceremony/awards_presented./award/award_honor/honored_for,M-N,909,121,121,121,144,0.0,0,/location/country/form_of_government,0.0,0,0.43506493738719393,0.5138888955116272,0.2222222222222222
104,/olympics/olympic_sport/athletes./olympics/olympic_athlete_affiliation/olympics,M-N,381,8,8,8,15,0.6876640419947506,65,/olympics/olympic_games/sports,0.6876640419947506,262,0.8571428571428571,0.20000000298023224,0.13333333333333333
105,/film/film/costume_design_by,M-1,192,13,13,13,16,0.3541666666666667,38,/award/award_nominee/award_nominations./award/award_nomination/nominated_for,0.3541666666666667,68,0.5109890145914895,0.25,0.25
106,/film/film/featured_film_locations,M-1,977,100,100,100,74,0.0030706243602865915,59,/film/film_subject/films,0.0030706243602865915,3,0.2585714203970773,0.4324324429035187,0.2702702702702703
107,/tv/tv_program/genre,M-N,1006,94,94,94,150,0.02982107355864811,2,/media_common/netflix_genre/titles,0.02982107355864811,30,0.6420972602707999,0.4000000059604645,0.18
108,/organization/endowed_organization/endowment./measurement_unit/dated_money_value/currency,M-1,456,3,3,3,3,0.0,0,/location/country/form_of_government,0.0,0,0.5,0.0,0.0
109,/film/film/written_by,M-1,787,26,26,26,21,0.49301143583227447,38,/award/award_nominee/award_nominations./award/award_nomination/nominated_for,0.49301143583227447,388,0.20879121337618148,0.761904776096344,0.5238095238095238
110,/tv/tv_producer/programs_produced./tv/tv_producer_term/producer_type,M-1,225,22,22,22,30,0.0,0,/location/country/form_of_government,0.0,0,0.5811688303947449,0.2666666805744171,0.16666666666666666
111,/location/hud_county_place/county,M-1,305,7,7,7,10,0.7081967213114754,15,/location/location/contains,0.7081967213114754,216,0.4081632707800184,0.6000000238418579,0.4
112,/education/educational_degree/people_with_this_degree./education/education/major_field_of_study,M-N,494,63,63,63,117,0.0,0,/location/country/form_of_government,0.0,0,0.8231292452130999,0.25641027092933655,0.15384615384615385
113,/base/schemastaging/organization_extra/phone_number./base/schemastaging/phone_sandbox/contact_category,M-1,142,20,20,20,30,0.007042253521126761,44,/business/job_title/people_with_this_title./business/employment_tenure/company,0.007042253521126761,1,0.6607142771993365,0.20000000298023224,0.1
114,/base/saturdaynightlive/snl_cast_member/seasons./base/saturdaynightlive/snl_season_tenure/cast_members,M-N,100,3,3,3,6,0.02,8,/award/award_nominee/award_nominations./award/award_nomination/award_nominee,0.02,2,1.0,0.0,0.0
115,/film/film/film_format,M-1,345,39,39,39,46,0.0,0,/location/country/form_of_government,0.0,0,0.5256410496575492,0.15217390656471252,0.08695652173913043
116,/film/film/music,M-1,1039,92,92,92,90,0.30221366698748797,38,/award/award_nominee/award_nominations./award/award_nomination/nominated_for,0.30221366698748797,314,0.2989130403314318,0.6777777671813965,0.37777777777777777
117,/sports/sports_team/roster./american_football/football_roster_position/position,M-N,607,3,3,3,5,0.8023064250411862,130,/sports/sports_position/players./sports/sports_team_roster/team,0.8023064250411862,487,0.6904762046677726,0.20000000298023224,0.2
118,/user/tsegaran/random/taxonomy_subject/entry./user/tsegaran/random/taxonomy_entry/taxonomy,M-1,411,50,50,50,61,0.0,0,/location/country/form_of_government,0.0,0,0.552857152053288,0.14754098653793335,0.08196721311475409
119,/celebrities/celebrity/celebrity_friends./celebrities/friendship/friend,M-N,250,1,1,1,1,0.348,45,/base/popstra/celebrity/friendship./base/popstra/friendship/participant,0.348,87,0.5,0.0,0.0
120,/location/hud_foreclosure_area/estimated_number_of_mortgages./measurement_unit/dated_integer/source,M-1,788,84,84,84,117,0.0,0,/location/country/form_of_government,0.0,0,0.5671768699373517,0.25641027092933655,0.13675213675213677
121,/base/x2010fifaworldcupsouthafrica/world_cup_squad/current_world_cup_squad./base/x2010fifaworldcupsouthafrica/current_world_cup_squad/current_club,M-N,246,29,29,29,36,0.0,0,/location/country/form_of_government,0.0,0,0.30295565937246594,0.8888888955116272,0.4444444444444444
122,/base/popstra/location/vacationers./base/popstra/vacation_choice/vacationer,M-N,349,31,31,31,26,0.022922636103151862,66,/people/person/places_lived./people/place_lived/location,0.022922636103151862,8,0.2649769548858915,0.6538461446762085,0.34615384615384615
123,/base/popstra/celebrity/canoodled./base/popstra/canoodled/participant,M-N,449,1,1,1,0,0.24721603563474387,77,/base/popstra/celebrity/dated./base/popstra/dated/participant,0.24721603563474387,111,0.0,,
124,/education/educational_institution/school_type,M-1,728,80,80,80,112,0.0013736263736263737,89,/education/educational_degree/people_with_this_degree./education/education/institution,0.0013736263736263737,1,0.545535717691694,0.3214285671710968,0.16964285714285715
125,/sports/sport/pro_athletes./sports/pro_sports_played/athlete,1-N,128,17,17,17,26,0.0,0,/location/country/form_of_government,0.0,0,0.7478991661752973,0.11538461595773697,0.07692307692307693
126,/award/hall_of_fame/inductees./award/hall_of_fame_induction/inductee,1-N,154,27,27,27,33,0.0,0,/location/country/form_of_government,0.0,0,0.5476190447807312,0.1818181872367859,0.12121212121212122
127,/base/biblioness/bibs_location/state,M-1,300,7,7,7,10,0.8166666666666667,15,/location/location/contains,0.8166666666666667,245,0.5816326609679631,0.4000000059604645,0.3
128,/education/university/local_tuition./measurement_unit/dated_money_value/currency,M-1,360,1,1,1,1,0.0,0,/location/country/form_of_government,0.0,0,0.5,0.0,0.0
129,/business/business_operation/revenue./measurement_unit/dated_money_value/currency,M-1,215,1,1,1,1,0.0,0,/location/country/form_of_government,0.0,0,0.5,0.0,0.0
130,/sports/sports_position/players./sports/sports_team_roster/team,M-N,3500,22,22,22,32,0.5268571428571428,5,/soccer/football_team/current_roster./soccer/football_roster_position/position,0.5268571428571428,1844,0.6915584376880101,0.125,0.09375
131,/military/military_conflict/combatants./military/military_combatant_group/combatants,M-N,424,34,34,34,54,0.0,0,/location/country/form_of_government,0.0,0,0.5924369777951922,0.5925925970077515,0.2962962962962963
132,/sports/sports_league/teams./sports/sports_league_participation/team,1-N,161,16,16,16,26,0.0,0,/location/country/form_of_government,0.0,0,0.71875,0.23076923191547394,0.15384615384615385
133,/base/biblioness/bibs_location/country,M-1,610,14,14,14,15,0.7557377049180328,15,/location/location/contains,0.7557377049180328,461,0.49489795735904146,0.20000000298023224,0.2
134,/music/group_member/membership./music/group_membership/role,M-N,750,29,29,29,35,0.3933333333333333,42,/music/instrument/instrumentalists,0.3933333333333333,295,0.45812807764325825,0.48571428656578064,0.2
135,/location/administrative_division/country,M-1,386,3,3,3,4,0.8290155440414507,15,/location/location/contains,0.8290155440414507,320,0.6666666865348816,0.0,0.0
136,/film/film/executive_produced_by,M-1,662,73,73,73,79,0.1268882175226586,38,/award/award_nominee/award_nominations./award/award_nomination/nominated_for,0.1268882175226586,84,0.397260274205889,0.49367088079452515,0.27848101265822783
137,/food/food/nutrients./food/nutrition_fact/nutrient,M-N,966,105,105,105,210,0.0,0,/location/country/form_of_government,0.0,0,0.9925169859613691,0.02857142873108387,0.01904761904761905
138,/music/group_member/membership./music/group_membership/group,M-1,218,22,22,22,38,0.01834862385321101,8,/award/award_nominee/award_nominations./award/award_nomination/award_nominee,0.01834862385321101,4,0.7272727404321943,0.31578946113586426,0.21052631578947367
139,/location/statistical_region/gdp_nominal_per_capita./measurement_unit/dated_money_value/currency,M-1,190,3,3,3,4,0.0,0,/location/country/form_of_government,0.0,0,0.6666666865348816,0.0,0.0
140,/education/field_of_study/students_majoring./education/education/student,1-N,259,34,34,34,32,0.011583011583011582,100,/people/person/languages,0.011583011583011582,3,0.2773109291281019,0.65625,0.34375
141,/award/award_winning_work/awards_won./award/award_honor/honored_for,M-N,475,10,10,10,18,0.3894736842105263,97,/award/award_nominated_work/award_nominations./award/award_nomination/nominated_for,0.3894736842105263,185,0.8999999761581421,0.0,0.0
142,/sports/sports_team/roster./basketball/basketball_roster_position/position,M-N,178,2,2,2,2,0.8146067415730337,130,/sports/sports_position/players./sports/sports_team_roster/team,0.8146067415730337,145,0.5,0.0,0.0
143,/organization/organization/headquarters./location/mailing_address/state_province_region,M-1,721,39,39,39,44,0.49791955617198336,15,/location/location/contains,0.49791955617198336,359,0.4285714328289032,0.4318181872367859,0.29545454545454547
144,/base/aareas/schema/administrative_area/capital,1-1,137,0,0,0,0,0.7664233576642335,194,/location/capital_of_administrative_division/capital_of./location/administrative_division_capital_relationship/administrative_division,0.7664233576642335,105,,,
145,/tv/tv_producer/programs_produced./tv/tv_producer_term/program,M-N,416,4,4,4,5,0.36538461538461536,12,/award/award_winning_work/awards_won./award/award_honor/award_winner,0.36538461538461536,152,0.30357142857142855,0.800000011920929,0.6
146,/education/educational_institution/campuses,1-1,533,13,13,13,26,0.797373358348968,81,/education/educational_institution_campus/educational_institution,0.797373358348968,425,1.0,0.0,0.0
147,/film/film/distributors./film/film_film_distributor_relationship/region,M-1,157,10,10,10,14,0.03821656050955414,2,/media_common/netflix_genre/titles,0.03821656050955414,6,0.5714285714285714,0.2857142984867096,0.21428571428571427
148,/travel/travel_destination/climate./travel/travel_destination_monthly_climate/month,M-N,535,60,60,60,120,0.0,0,/location/country/form_of_government,0.0,0,0.9976190498897007,0.008333333767950535,0.008333333333333333
149,/medicine/disease/notable_people_with_this_condition,1-N,121,15,15,15,15,0.0,0,/location/country/form_of_government,0.0,0,0.4238095283508301,0.4000000059604645,0.2
150,/base/schemastaging/organization_extra/phone_number./base/schemastaging/phone_sandbox/service_location,M-N,345,38,38,38,59,0.043478260869565216,15,/location/location/contains,0.043478260869565216,15,0.6334586569241115,0.4067796468734741,0.2033898305084746
151,/people/ethnicity/geographic_distribution,M-N,122,17,17,17,27,0.0,0,/location/country/form_of_government,0.0,0,0.6512605122157505,0.37037035822868347,0.2962962962962963
152,/military/military_combatant/military_conflicts./military/military_combatant_group/combatants,M-N,747,17,17,17,30,0.04685408299866131,58,/location/location/adjoin_s./location/adjoining_relationship/adjoins,0.04685408299866131,35,0.8151260444096157,0.2666666805744171,0.13333333333333333
153,/film/film/personal_appearances./film/personal_film_appearance/person,1-N,217,11,11,11,9,0.15207373271889402,6,/film/actor/film./film/performance/film,0.15207373271889402,33,0.34415584802627563,0.2222222238779068,0.2222222222222222
154,/location/location/time_zones,M-1,1151,137,137,137,195,0.0,0,/location/country/form_of_government,0.0,0,0.6162669488361904,0.2153846174478531,0.10256410256410256
155,/film/film/story_by,M-1,394,31,31,31,32,0.17766497461928935,38,/award/award_nominee/award_nominations./award/award_nomination/nominated_for,0.17766497461928935,70,0.4239631252629416,0.375,0.1875
156,/base/petbreeds/city_with_dogs/top_breeds./base/petbreeds/dog_city_relationship/dog_breed,M-N,192,21,21,21,42,0.0,0,/location/country/form_of_government,0.0,0,0.9489795906203133,0.1428571492433548,0.14285714285714285
157,/olympics/olympic_games/participating_countries,M-N,490,23,23,23,34,0.4306122448979592,69,/olympics/olympic_participating_country/medals_won./olympics/olympic_medal_honor/olympics,0.4306122448979592,211,0.6335403748920986,0.29411765933036804,0.20588235294117646
158,/tv/tv_network/programs./tv/tv_network_duration/program,1-N,305,26,26,26,29,0.13442622950819672,12,/award/award_winning_work/awards_won./award/award_honor/award_winner,0.13442622950819672,41,0.4065933993884495,0.4482758641242981,0.27586206896551724
159,/people/person/employment_history./business/employment_tenure/company,M-1,316,24,24,24,28,0.056962025316455694,22,/education/educational_institution/students_graduates./education/education/student,0.056962025316455694,18,0.3363095223903656,0.7142857313156128,0.42857142857142855
160,/music/artist/origin,M-1,552,34,34,34,23,0.0036231884057971015,122,/base/popstra/location/vacationers./base/popstra/vacation_choice/vacationer,0.0036231884057971015,2,0.23949580107416427,0.5652173757553101,0.2608695652173913
161,/people/marriage_union_type/unions_of_this_type./people/marriage/location_of_ceremony,1-N,417,53,53,53,58,0.0,0,/location/country/form_of_government,0.0,0,0.5242587498256138,0.0517241396009922,0.034482758620689655
162,/tv/tv_writer/tv_programs./tv/tv_program_writer_relationship/tv_program,M-1,271,9,9,9,10,0.4132841328413284,12,/award/award_winning_work/awards_won./award/award_honor/award_winner,0.4132841328413284,112,0.380952388048172,0.6000000238418579,0.4
163,/time/event/locations,M-N,363,34,34,34,39,0.0027548209366391185,15,/location/location/contains,0.0027548209366391185,1,0.3445378137486322,0.8717948794364929,0.46153846153846156
164,/celebrities/celebrity/sexual_relationships./celebrities/romantic_relationship/celebrity,1-1,236,0,0,0,0,0.576271186440678,77,/base/popstra/celebrity/dated./base/popstra/dated/participant,0.576271186440678,136,,,
165,/government/political_party/politicians_in_this_party./government/political_party_tenure/politician,1-N,107,11,11,11,14,0.028037383177570093,226,/organization/organization_founder/organizations_founded,0.028037383177570093,3,0.5259740310055869,0.2857142984867096,0.21428571428571427
166,/education/university/domestic_tuition./measurement_unit/dated_money_value/currency,M-1,476,5,5,5,5,0.0,0,/location/country/form_of_government,0.0,0,0.5,0.0,0.0
167,/organization/non_profit_organization/registered_with./organization/non_profit_registration/registering_agency,M-1,125,22,22,22,40,0.0,0,/location/country/form_of_government,0.0,0,0.8993506687028068,0.07500000298023224,0.05
168,/user/ktrueman/default_domain/international_organization/member_states,1-N,179,24,24,24,44,0.22346368715083798,23,/organization/organization_member/member_of./organization/organization_membership/organization,0.22346368715083798,40,0.7440476076943534,0.34090909361839294,0.1590909090909091
169,/american_football/football_team/current_roster./sports/sports_team_roster/position,M-N,573,0,0,0,0,0.8202443280977313,130,/sports/sports_position/players./sports/sports_team_roster/team,0.8202443280977313,470,,,
170,/soccer/football_player/current_team./sports/sports_team_roster/team,M-N,536,9,9,9,8,0.0,0,/location/country/form_of_government,0.0,0,0.1428571455180645,0.875,0.75
171,/olympics/olympic_games/medals_awarded./olympics/olympic_medal_honor/medal,M-N,101,16,16,16,32,0.0,0,/location/country/form_of_government,0.0,0,1.0,0.0,0.0
172,/award/ranked_item/appears_in_ranked_lists./award/ranking/list,M-1,335,48,48,48,78,0.0,0,/location/country/form_of_government,0.0,0,0.6875,0.29487180709838867,0.14102564102564102
173,/film/film_set_designer/film_sets_designed,1-N,113,8,8,8,10,0.24778761061946902,12,/award/award_winning_work/awards_won./award/award_honor/award_winner,0.24778761061946902,28,0.375,0.699999988079071,0.5
174,/user/jg/default_domain/olympic_games/sports,M-N,581,11,11,11,22,0.37521514629948366,104,/olympics/olympic_sport/athletes./olympics/olympic_athlete_affiliation/olympics,0.37521514629948366,218,0.9805194735527039,0.04545454680919647,0.045454545454545456
175,/people/person/sibling_s./people/sibling_relationship/sibling,1-1,131,7,7,7,6,0.16030534351145037,8,/award/award_nominee/award_nominations./award/award_nomination/award_nominee,0.16030534351145037,21,0.24489796374525344,0.6666666865348816,0.3333333333333333
176,/base/marchmadness/ncaa_basketball_tournament/seeds./base/marchmadness/ncaa_tournament_seed/team,M-N,352,41,41,41,81,0.0,0,/location/country/form_of_government,0.0,0,0.9337979129382542,0.1358024626970291,0.09876543209876543
177,/music/artist/contribution./music/recording_contribution/performance_role,M-N,218,14,14,14,15,0.25229357798165136,42,/music/instrument/instrumentalists,0.25229357798165136,55,0.3724489765507834,0.46666666865348816,0.26666666666666666
178,/sports/sports_position/players./sports/sports_team_roster/position,M-N,125,0,0,0,0,0.688,180,/sports/sports_position/players./american_football/football_historical_roster_position/position_s,0.688,86,,,
179,/government/politician/government_positions_held./government/government_position_held/basic_title,M-N,114,16,16,16,25,0.0,0,/location/country/form_of_government,0.0,0,0.6517857142857143,0.3199999928474426,0.2
180,/sports/sports_position/players./american_football/football_historical_roster_position/position_s,M-N,102,0,0,0,0,0.8431372549019608,178,/sports/sports_position/players./sports/sports_team_roster/position,0.8431372549019608,86,,,
181,/people/profession/specialization_of,M-1,102,13,13,13,10,0.0,0,/location/country/form_of_government,0.0,0,0.3186813294887543,0.5,0.3
182,/award/award_category/category_of,M-1,148,20,20,20,40,0.0,0,/location/country/form_of_government,0.0,0,0.9785714490073067,0.05000000074505806,0.05
183,/film/film/cinematography,M-1,336,17,17,17,22,0.40476190476190477,38,/award/award_nominee/award_nominations./award/award_nomination/nominated_for,0.40476190476190477,136,0.47058823704719543,0.5,0.36363636363636365
184,/film/film/film_production_design_by,M-1,158,10,10,10,12,0.3987341772151899,38,/award/award_nominee/award_nominations./award/award_nomination/nominated_for,0.3987341772151899,63,0.5214285765375409,0.3333333432674408,0.16666666666666666
185,/tv/tv_program/country_of_origin,M-1,268,32,32,32,53,0.026119402985074626,2,/media_common/netflix_genre/titles,0.026119402985074626,7,0.7142857142857143,0.2641509473323822,0.1509433962264151
186,/film/film/edited_by,M-1,179,13,13,13,15,0.3016759776536313,38,/award/award_nominee/award_nominations./award/award_nomination/nominated_for,0.3016759776536313,54,0.47252747416496277,0.2666666805744171,0.26666666666666666
187,/tv/tv_personality/tv_regular_appearances./tv/tv_regular_personal_appearance/program,M-1,103,11,11,11,11,0.2621359223300971,1,/tv/tv_program/regular_cast./tv/regular_tv_appearance/actor,0.2621359223300971,27,0.4350649416446686,0.1818181872367859,0.18181818181818182
188,/education/field_of_study/students_majoring./education/education/major_field_of_study,M-N,343,11,11,11,16,0.0,0,/location/country/form_of_government,0.0,0,0.5259740224906376,0.6875,0.4375
189,/education/educational_degree/people_with_this_degree./education/education/student,1-N,260,27,27,27,32,0.0,0,/location/country/form_of_government,0.0,0,0.5423280426434108,0.15625,0.0625
190,/location/us_county/county_seat,1-1,181,2,2,2,4,0.6850828729281768,111,/location/hud_county_place/county,0.6850828729281768,124,1.0,0.0,0.0
191,/film/film/film_festivals,M-1,264,18,18,18,23,0.007575757575757576,210,/time/event/instance_of_recurring_event,0.007575757575757576,2,0.4880952366760799,0.3478260934352875,0.17391304347826086
192,/people/person/spouse_s./people/marriage/spouse,1-1,427,4,4,4,0,0.2529274004683841,77,/base/popstra/celebrity/dated./base/popstra/dated/participant,0.2529274004683841,108,0.0,,
193,/film/film/runtime./film/film_cut/film_release_region,M-1,187,9,9,9,8,0.03208556149732621,2,/media_common/netflix_genre/titles,0.03208556149732621,6,0.380952388048172,0.375,0.375
194,/location/capital_of_administrative_division/capital_of./location/administrative_division_capital_relationship/administrative_division,1-1,296,0,0,0,0,0.7263513513513513,15,/location/location/contains,0.7263513513513513,215,,,
195,/base/aareas/schema/administrative_area/administrative_area_type,M-1,156,20,20,20,40,0.0,0,/location/country/form_of_government,0.0,0,0.9892857245036534,0.02500000037252903,0.025
196,/influence/influence_node/peers./influence/peer_relationship/peers,1-1,166,2,2,2,0,0.1566265060240964,21,/influence/influence_node/influenced_by,0.1566265060240964,26,0.0,,
197,/government/governmental_body/members./government/government_position_held/legislative_sessions,M-N,101,12,12,12,24,0.0,0,/location/country/form_of_government,0.0,0,1.0,0.0,0.0
198,/base/schemastaging/organization_extra/phone_number./base/schemastaging/phone_sandbox/service_language,M-N,208,21,21,21,40,0.0,0,/location/country/form_of_government,0.0,0,0.8129251599311829,0.32499998807907104,0.175
199,/organization/organization/place_founded,M-1,104,16,16,16,17,0.028846153846153848,15,/location/location/contains,0.028846153846153848,3,0.3705357142857143,0.7058823704719543,0.4117647058823529
200,/base/eating/practicer_of_diet/diet,M-1,137,11,11,11,12,0.0,0,/location/country/form_of_government,0.0,0,0.5129870176315308,0.0833333358168602,0.08333333333333333
201,/tv/tv_program/program_creator,1-1,144,2,2,2,0,0.6944444444444444,145,/tv/tv_producer/programs_produced./tv/tv_producer_term/program,0.6944444444444444,100,0.0,,
202,/people/deceased_person/place_of_burial,M-1,142,9,9,9,9,0.0,0,/location/country/form_of_government,0.0,0,0.4841269850730896,0.1111111119389534,0.1111111111111111
203,/film/film/release_date_s./film/film_regional_release_date/film_regional_debut_venue,M-1,246,20,20,20,23,0.0,0,/location/country/form_of_government,0.0,0,0.42857142431395395,0.43478259444236755,0.30434782608695654
204,/ice_hockey/hockey_team/current_roster./sports/sports_team_roster/position,M-N,121,4,4,4,6,0.743801652892562,130,/sports/sports_position/players./sports/sports_team_roster/team,0.743801652892562,90,0.6071428571428571,0.3333333432674408,0.16666666666666666
205,/location/administrative_division/first_level_division_of,M-1,141,0,0,0,0,0.8794326241134752,15,/location/location/contains,0.8794326241134752,124,,,
206,/location/statistical_region/gdp_real./measurement_unit/adjusted_money_value/adjustment_currency,M-1,160,0,0,0,0,0.0,0,/location/country/form_of_government,0.0,0,,,
207,/organization/organization/child./organization/organization_relationship/child,1-N,191,20,20,20,18,0.041884816753926704,8,/award/award_nominee/award_nominations./award/award_nomination/award_nominee,0.041884816753926704,8,0.2857142857142857,0.5555555820465088,0.3333333333333333
208,/business/business_operation/assets./measurement_unit/dated_money_value/currency,M-1,181,0,0,0,0,0.0,0,/location/country/form_of_government,0.0,0,,,
209,/film/person_or_entity_appearing_in_film/films./film/personal_film_appearance/type_of_appearance,M-1,37,3,3,3,4,0.0,0,/location/country/form_of_government,0.0,0,0.6428571598870414,0.25,0.25
210,/time/event/instance_of_recurring_event,M-1,109,11,11,11,22,0.01834862385321101,191,/film/film/film_festivals,0.01834862385321101,2,0.8571428571428571,0.1818181872367859,0.18181818181818182
211,/tv/non_character_role/tv_regular_personal_appearances./tv/tv_regular_personal_appearance/person,1-N,90,7,7,7,8,0.022222222222222223,17,/people/person/profession,0.022222222222222223,2,0.5000000042574746,0.25,0.25
212,/film/actor/film./film/performance/special_performance_type,M-1,180,16,16,16,19,0.0,0,/location/country/form_of_government,0.0,0,0.5491071428571429,0.10526315867900848,0.10526315789473684
213,/business/business_operation/operating_income./measurement_unit/dated_money_value/currency,M-1,198,0,0,0,0,0.0,0,/location/country/form_of_government,0.0,0,,,
214,/people/ethnicity/languages_spoken,M-N,192,29,29,29,49,0.0,0,/location/country/form_of_government,0.0,0,0.6108374340193612,0.5510203838348389,0.24489795918367346
215,/base/americancomedy/celebrity_impressionist/celebrities_impersonated,1-N,121,8,8,8,8,0.0,0,/location/country/form_of_government,0.0,0,0.4375,0.375,0.25
216,/medicine/symptom/symptom_of,M-N,154,31,31,31,54,0.0,0,/location/country/form_of_government,0.0,0,0.7396313292639596,0.35185185074806213,0.2222222222222222
217,/education/university/fraternities_and_sororities,M-1,131,21,21,21,31,0.0,0,/location/country/form_of_government,0.0,0,0.6224489893232074,0.25806450843811035,0.16129032258064516
218,/location/statistical_region/places_exported_to./location/imports_and_exports/exported_to,M-N,172,13,13,13,6,0.11046511627906977,58,/location/location/adjoin_s./location/adjoining_relationship/adjoins,0.11046511627906977,19,0.09340659635407585,0.8333333134651184,0.6666666666666666
219,/location/statistical_region/gdp_nominal./measurement_unit/dated_money_value/currency,M-1,220,4,4,4,4,0.0,0,/location/country/form_of_government,0.0,0,0.5,0.0,0.0
220,/travel/travel_destination/how_to_get_here./travel/transportation/mode_of_transportation,M-N,146,20,20,20,40,0.0,0,/location/country/form_of_government,0.0,0,0.9785714319774083,0.125,0.125
221,/location/country/official_language,M-1,225,16,16,16,20,0.5822222222222222,70,/language/human_language/countries_spoken_in,0.5822222222222222,131,0.4732142857142857,0.44999998807907104,0.2
222,/location/location/partially_contains,M-1,133,13,13,13,20,0.015037593984962405,58,/location/location/adjoin_s./location/adjoining_relationship/adjoins,0.015037593984962405,2,0.6153846212795803,0.550000011920929,0.3
223,/film/film/film_art_direction_by,M-1,101,3,3,3,6,0.5346534653465347,38,/award/award_nominee/award_nominations./award/award_nomination/nominated_for,0.5346534653465347,54,0.8809523752757481,0.3333333432674408,0.16666666666666666
224,/people/person/spouse_s./people/marriage/location_of_ceremony,M-1,251,35,35,35,21,0.01593625498007968,122,/base/popstra/location/vacationers./base/popstra/vacation_choice/vacationer,0.01593625498007968,4,0.17551020852157048,0.6666666865348816,0.38095238095238093
225,/education/university/international_tuition./measurement_unit/dated_money_value/currency,M-1,117,0,0,0,0,0.0,0,/location/country/form_of_government,0.0,0,,,
226,/organization/organization_founder/organizations_founded,1-1,137,9,9,9,8,0.06569343065693431,76,/music/record_label/artist,0.06569343065693431,9,0.26984127717358725,0.625,0.5
227,/film/film/dubbing_performances./film/dubbing_performance/actor,M-N,114,8,8,8,14,0.008771929824561403,6,/film/actor/film./film/performance/film,0.008771929824561403,1,0.625,0.5,0.2857142857142857
228,/dataworld/gardening_hint/split_to,1-1,99,10,10,10,14,0.10101010101010101,146,/education/educational_institution/campuses,0.10101010101010101,10,0.699999988079071,0.0,0.0
229,/medicine/disease/risk_factors,M-N,162,13,13,13,15,0.0,0,/location/country/form_of_government,0.0,0,0.5219780291829791,0.2666666805744171,0.13333333333333333
230,/film/film/prequel,1-1,180,18,18,18,33,0.15,97,/award/award_nominated_work/award_nominations./award/award_nomination/nominated_for,0.15,27,0.8214285629136222,0.27272728085517883,0.21212121212121213
231,/base/localfood/seasonal_month/produce_available./base/localfood/produce_availability/seasonal_months,M-N,108,3,3,3,6,0.0,0,/location/country/form_of_government,0.0,0,1.0,0.0,0.0
232,/film/actor/dubbing_performances./film/dubbing_performance/language,M-1,112,12,12,12,14,0.008928571428571428,140,/education/field_of_study/students_majoring./education/education/student,0.008928571428571428,1,0.5357142857142857,0.1428571492433548,0.14285714285714285
233,/broadcast/content/artist,1-N,102,14,14,14,18,0.0,0,/location/country/form_of_government,0.0,0,0.6122449040412903,0.0555555559694767,0.05555555555555555
234,/location/statistical_region/gni_per_capita_in_ppp_dollars./measurement_unit/dated_money_value/currency,M-1,149,0,0,0,0,0.0,0,/location/country/form_of_government,0.0,0,,,
235,/music/instrument/family,M-1,100,6,6,6,5,0.43,75,/music/performance_role/track_performances./music/track_contribution/role,0.43,43,0.29761904903820585,0.4000000059604645,0.4
236,/government/politician/government_positions_held./government/government_position_held/jurisdiction_of_office,M-1,106,9,9,9,12,0.0,0,/location/country/form_of_government,0.0,0,0.3888888955116272,0.5833333134651184,0.3333333333333333
