relation_id,relation_name,train_support,directional_inverse_strength,directional_best_inverse_partner_id,directional_best_inverse_partner_name,directional_best_inverse_overlap_count,directional_best_reverse_directional_score,directional_best_overlap_jaccard,mutual_inverse_strength,mutual_best_inverse_partner_id,mutual_best_inverse_partner_name,mutual_best_inverse_overlap_count,mutual_best_directional_score,mutual_best_reverse_directional_score,mutual_best_overlap_jaccard,second_best_mutual_inverse_strength,second_best_mutual_partner_id,second_best_mutual_partner_name,inverse_clarity
0,/location/country/form_of_government,298,0.0,,,0,0.0,0.0,0.0,,,0,0.0,0.0,0.0,0.0,,,0.0
1,/tv/tv_program/regular_cast./tv/regular_tv_appearance/actor,1272,0.3498427672955975,38,/award/award_nominee/award_nominations./award/award_nomination/nominated_for,445,0.0708937390473156,0.06264076576576577,0.11789641012054576,38,/award/award_nominee/award_nominations./award/award_nomination/nominated_for,445,0.3498427672955975,0.0708937390473156,0.06264076576576577,0.045023696682464455,145,/tv/tv_producer/programs_produced./tv/tv_producer_term/program,0.0728727134380813
2,/media_common/netflix_genre/titles,2671,0.48408835642081616,31,/film/film/genre,1293,0.1779031370390754,0.14954892435808467,0.26018714156353756,31,/film/film/genre,1293,0.48408835642081616,0.1779031370390754,0.14954892435808467,0.06183536825521859,28,/film/film/country,0.19835177330831896
3,/award/award_winner/awards_won./award/award_honor/award_winner,8423,0.7446278048201354,8,/award/award_nominee/award_nominations./award/award_nomination/award_nominee,6272,0.3922696854087185,0.34575523704520394,0.5138456496804851,8,/award/award_nominee/award_nominations./award/award_nomination/award_nominee,6272,0.7446278048201354,0.3922696854087185,0.34575523704520394,0.02214616468693376,45,/base/popstra/celebrity/friendship./base/popstra/friendship/participant,0.4916994849935513
4,/soccer/football_team/current_roster./sports/sports_team_roster/position,2262,0.8081343943412909,130,/sports/sports_position/players./sports/sports_team_roster/team,1828,0.5222857142857142,0.4646670055922725,0.6345019090593543,130,/sports/sports_position/players./sports/sports_team_roster/team,1828,0.8081343943412909,0.5222857142857142,0.4646670055922725,0.0,,,0.6345019090593543
5,/soccer/football_team/current_roster./soccer/football_roster_position/position,2265,0.8141280353200883,130,/sports/sports_position/players./sports/sports_team_roster/team,1844,0.5268571428571428,0.47028819178780923,0.6397224631396357,130,/sports/sports_position/players./sports/sports_team_roster/team,1844,0.8141280353200883,0.5268571428571428,0.47028819178780923,0.0,,,0.6397224631396357
6,/film/actor/film./film/performance/film,9494,0.1014324836738993,12,/award/award_winning_work/awards_won./award/award_honor/award_winner,963,0.32185828877005346,0.08357198646185889,0.15425276309466604,12,/award/award_winning_work/awards_won./award/award_honor/award_winner,963,0.1014324836738993,0.32185828877005346,0.08357198646185889,0.028596440035016053,109,/film/film/written_by,0.12565632305965
7,/award/award_category/nominees./award/award_nomination/nominated_for,9465,0.23423137876386688,30,/award/award_winning_work/awards_won./award/award_honor/award,2217,0.6697885196374622,0.20998295131653721,0.3470841487279844,30,/award/award_winning_work/awards_won./award/award_honor/award,2217,0.23423137876386688,0.6697885196374622,0.20998295131653721,0.0007399870502266211,19,/award/award_nominee/award_nominations./award/award_nomination/award,0.3463441616777578
8,/award/award_nominee/award_nominations./award/award_nomination/award_nominee,15989,0.3922696854087185,3,/award/award_winner/awards_won./award/award_honor/award_winner,6272,0.7446278048201354,0.34575523704520394,0.5138456496804851,3,/award/award_winner/awards_won./award/award_honor/award_winner,6272,0.3922696854087185,0.7446278048201354,0.34575523704520394,0.01862857142857143,45,/base/popstra/celebrity/friendship./base/popstra/friendship/participant,0.49521707825191363
9,/music/performance_role/regular_performances./music/group_membership/role,2655,0.44708097928436913,75,/music/performance_role/track_performances./music/track_contribution/role,1187,0.31277997364953886,0.2255367661029831,0.36806201550387596,75,/music/performance_role/track_performances./music/track_contribution/role,1187,0.44708097928436913,0.31277997364953886,0.2255367661029831,0.1560913705583756,57,/music/performance_role/guest_performances./music/recording_contribution/performance_role,0.21197064494550036
10,/award/award_category/winners./award/award_honor/ceremony,2834,0.0,,,0,0.0,0.0,0.0,,,0,0.0,0.0,0.0,0.0,,,0.0
11,/film/film/release_date_s./film/film_regional_release_date/film_release_distribution_medium,1429,0.0,,,0,0.0,0.0,0.0,,,0,0.0,0.0,0.0,0.0,,,0.0
12,/award/award_winning_work/awards_won./award/award_honor/award_winner,2992,0.7754010695187166,38,/award/award_nominee/award_nominations./award/award_nomination/nominated_for,2320,0.3696033136848813,0.33386098719240176,0.5005933757686913,38,/award/award_nominee/award_nominations./award/award_nomination/nominated_for,2320,0.7754010695187166,0.3696033136848813,0.33386098719240176,0.15425276309466604,6,/film/actor/film./film/performance/film,0.34634061267402527
13,/film/film/release_date_s./film/film_regional_release_date/film_release_region,12893,0.003335143100907469,2,/media_common/netflix_genre/titles,43,0.016098839385997755,0.002770440048965917,0.0055255718324338215,2,/media_common/netflix_genre/titles,43,0.003335143100907469,0.016098839385997755,0.002770440048965917,0.00014819205690574984,59,/film/film_subject/films,0.005377379775528071
14,/film/film/language,2570,0.01906614785992218,2,/media_common/netflix_genre/titles,49,0.018345189067764882,0.009437596302003082,0.01869872161801183,2,/media_common/netflix_genre/titles,49,0.01906614785992218,0.018345189067764882,0.009437596302003082,0.0,,,0.01869872161801183
15,/location/location/contains,5201,0.0886368006152663,133,/base/biblioness/bibs_location/country,461,0.7557377049180328,0.08616822429906543,0.15866460161762175,133,/base/biblioness/bibs_location/country,461,0.0886368006152663,0.7557377049180328,0.08616822429906543,0.12214532871972317,62,/base/aareas/schema/administrative_area/administrative_parent,0.03651927289789858
16,/organization/organization/headquarters./location/mailing_address/country,182,0.5659340659340659,15,/location/location/contains,103,0.01980388386848683,0.01950757575757576,0.03826862344417611,15,/location/location/contains,103,0.5659340659340659,0.01980388386848683,0.01950757575757576,0.0,,,0.03826862344417611
17,/people/person/profession,10945,0.0001827318410232983,20,/music/genre/artists,2,0.0003401360544217687,0.00011888486001307734,0.0003624830086089714,211,/tv/non_character_role/tv_regular_personal_appearances./tv/tv_regular_personal_appearance/person,2,0.0001827318410232983,0.022222222222222223,0.00018127435874195594,0.00023774145616641898,20,/music/genre/artists,0.00012474155244255244
18,/location/statistical_region/religions./location/religion_percentage/religion,596,0.0,,,0,0.0,0.0,0.0,,,0,0.0,0.0,0.0,0.0,,,0.0
19,/award/award_nominee/award_nominations./award/award_nomination/award,12157,0.31932220120095417,47,/award/award_category/winners./award/award_honor/award_winner,3882,0.6842940243257536,0.27831947232578147,0.4354458777341559,47,/award/award_category/winners./award/award_honor/award_winner,3882,0.31932220120095417,0.6842940243257536,0.27831947232578147,0.0007399870502266211,7,/award/award_category/nominees./award/award_nomination/nominated_for,0.4347058906839293
20,/music/genre/artists,5880,0.0003401360544217687,17,/people/person/profession,2,0.0001827318410232983,0.00011888486001307734,0.0003049710277523635,52,/music/genre/parent_genre,1,0.00017006802721088434,0.0014749262536873156,0.00015250876925423213,0.00026136957658128593,41,/music/artist/track_contributions./music/track_contribution/role,4.3601451171077594e-05
21,/influence/influence_node/influenced_by,1908,0.013626834381551363,196,/influence/influence_node/peers./influence/peer_relationship/peers,26,0.1566265060240964,0.0126953125,0.025072324011571844,196,/influence/influence_node/peers./influence/peer_relationship/peers,26,0.013626834381551363,0.1566265060240964,0.0126953125,0.005264697279906405,45,/base/popstra/celebrity/friendship./base/popstra/friendship/participant,0.01980762673166544
22,/education/educational_institution/students_graduates./education/education/student,2640,0.006818181818181818,159,/people/person/employment_history./business/employment_tenure/company,18,0.056962025316455694,0.006126616746085773,0.012178619756427604,159,/people/person/employment_history./business/employment_tenure/company,18,0.006818181818181818,0.056962025316455694,0.006126616746085773,0.0007202016564638099,226,/organization/organization_founder/organizations_founded,0.011458418099963794
23,/organization/organization_member/member_of./organization/organization_membership/organization,797,0.050188205771643665,168,/user/ktrueman/default_domain/international_organization/member_states,40,0.22346368715083798,0.042735042735042736,0.0819672131147541,168,/user/ktrueman/default_domain/international_organization/member_states,40,0.050188205771643665,0.22346368715083798,0.042735042735042736,0.0022123893805309734,165,/government/political_party/politicians_in_this_party./government/political_party_tenure/politician,0.07975482373422313
24,/people/person/place_of_birth,2465,0.00040567951318458417,21,/influence/influence_node/influenced_by,1,0.0005241090146750524,0.00022872827081427266,0.0007107320540156361,122,/base/popstra/location/vacationers./base/popstra/vacation_choice/vacationer,1,0.00040567951318458417,0.0028653295128939827,0.00035549235691432633,0.000457351932311914,21,/influence/influence_node/influenced_by,0.00025338012170372207
25,/common/topic/webpage./common/webpage/category,3612,0.0,,,0,0.0,0.0,0.0,,,0,0.0,0.0,0.0,0.0,,,0.0
26,/film/film/other_crew./film/film_crew_gig/film_crew_role,5305,0.0,,,0,0.0,0.0,0.0,,,0,0.0,0.0,0.0,0.0,,,0.0
27,/award/award_ceremony/awards_presented./award/award_honor/award_winner,2727,0.0,,,0,0.0,0.0,0.0,,,0,0.0,0.0,0.0,0.0,,,0.0
28,/film/film/country,2407,0.06522642293311176,2,/media_common/netflix_genre/titles,157,0.058779483339573196,0.031904084535663485,0.06183536825521859,2,/media_common/netflix_genre/titles,157,0.06522642293311176,0.058779483339573196,0.031904084535663485,0.00132890365448505,59,/film/film_subject/films,0.06050646460073354
29,/olympics/olympic_sport/athletes./olympics/olympic_athlete_affiliation/country,2130,0.0,,,0,0.0,0.0,0.0,,,0,0.0,0.0,0.0,0.0,,,0.0
30,/award/award_winning_work/awards_won./award/award_honor/award,3310,0.6697885196374622,7,/award/award_category/nominees./award/award_nomination/nominated_for,2217,0.23423137876386688,0.20998295131653721,0.3470841487279844,7,/award/award_category/nominees./award/award_nomination/nominated_for,2217,0.6697885196374622,0.23423137876386688,0.20998295131653721,0.00022264276967605477,47,/award/award_category/winners./award/award_honor/award_winner,0.34686150595830834
31,/film/film/genre,7268,0.1779031370390754,2,/media_common/netflix_genre/titles,1293,0.48408835642081616,0.14954892435808467,0.26018714156353756,2,/media_common/netflix_genre/titles,1293,0.1779031370390754,0.48408835642081616,0.14954892435808467,0.003557362469825943,59,/film/film_subject/films,0.2566297790937116
32,/film/film_distributor/films_distributed./film/film_film_distributor_relationship/film,2337,0.3080872913992298,86,/film/film/production_companies,720,0.45918367346938777,0.2260596546310832,0.36875800256081953,86,/film/film/production_companies,720,0.3080872913992298,0.45918367346938777,0.2260596546310832,0.023268905986113718,12,/award/award_winning_work/awards_won./award/award_honor/award_winner,0.34548909657470583
33,/location/statistical_region/rent50_2./measurement_unit/dated_money_value/currency,373,0.0,,,0,0.0,0.0,0.0,,,0,0.0,0.0,0.0,0.0,,,0.0
34,/film/film/estimated_budget./measurement_unit/dated_money_value/currency,1210,0.0,,,0,0.0,0.0,0.0,,,0,0.0,0.0,0.0,0.0,,,0.0
35,/government/legislative_session/members./government/government_position_held/district_represented,1070,0.0,,,0,0.0,0.0,0.0,,,0,0.0,0.0,0.0,0.0,,,0.0
36,/sports/sports_team/roster./american_football/football_historical_roster_position/position_s,622,0.8167202572347267,130,/sports/sports_position/players./sports/sports_team_roster/team,508,0.14514285714285713,0.1405644714997233,0.2464822901504124,130,/sports/sports_position/players./sports/sports_team_roster/team,508,0.8167202572347267,0.14514285714285713,0.1405644714997233,0.0058997050147492625,44,/business/job_title/people_with_this_title./business/employment_tenure/company,0.24058258513566314
37,/government/government_office_category/officeholders./government/government_position_held/jurisdiction_of_office,760,0.0,,,0,0.0,0.0,0.0,,,0,0.0,0.0,0.0,0.0,,,0.0
38,/award/award_nominee/award_nominations./award/award_nomination/nominated_for,6277,0.3696033136848813,12,/award/award_winning_work/awards_won./award/award_honor/award_winner,2320,0.7754010695187166,0.33386098719240176,0.5005933757686913,12,/award/award_winning_work/awards_won./award/award_honor/award_winner,2320,0.3696033136848813,0.7754010695187166,0.33386098719240176,0.1314467072203121,84,/film/film/produced_by,0.36914666854837924
39,/people/deceased_person/place_of_death,695,0.0,,,0,0.0,0.0,0.0,,,0,0.0,0.0,0.0,0.0,,,0.0
40,/sports/pro_athlete/teams./sports/sports_team_roster/team,676,0.0,,,0,0.0,0.0,0.0,,,0,0.0,0.0,0.0,0.0,,,0.0
41,/music/artist/track_contributions./music/track_contribution/role,1772,0.2742663656884876,42,/music/instrument/instrumentalists,486,0.25077399380804954,0.15074441687344914,0.2619946091644205,42,/music/instrument/instrumentalists,486,0.2742663656884876,0.25077399380804954,0.15074441687344914,0.002581477896095515,92,/music/performance_role/regular_performances./music/group_membership/group,0.259413131268325
42,/music/instrument/instrumentalists,1938,0.25077399380804954,41,/music/artist/track_contributions./music/track_contribution/role,486,0.2742663656884876,0.15074441687344914,0.2619946091644205,41,/music/artist/track_contributions./music/track_contribution/role,486,0.25077399380804954,0.2742663656884876,0.15074441687344914,0.2194940476190476,134,/music/group_member/membership./music/group_membership/role,0.042500561545372934
43,/people/person/gender,3717,0.0,,,0,0.0,0.0,0.0,,,0,0.0,0.0,0.0,0.0,,,0.0
44,/business/job_title/people_with_this_title./business/employment_tenure/company,734,0.005449591280653951,36,/sports/sports_team/roster./american_football/football_historical_roster_position/position_s,4,0.006430868167202572,0.0029585798816568047,0.00612088752869166,169,/american_football/football_team/current_roster./sports/sports_team_roster/position,4,0.005449591280653951,0.006980802792321117,0.0030698388334612432,0.0058997050147492625,36,/sports/sports_team/roster./american_football/football_historical_roster_position/position_s,0.00022118251394239764
45,/base/popstra/celebrity/friendship./base/popstra/friendship/participant,1511,0.10787557908669755,8,/award/award_nominee/award_nominations./award/award_nomination/award_nominee,163,0.010194508724748265,0.009401857299417431,0.09880749574105623,119,/celebrities/celebrity/celebrity_friends./celebrities/friendship/friend,87,0.05757776307081403,0.348,0.05197132616487455,0.05831903945111492,77,/base/popstra/celebrity/dated./base/popstra/dated/participant,0.040488456289941306
46,/business/business_operation/industry,330,0.0,,,0,0.0,0.0,0.0,,,0,0.0,0.0,0.0,0.0,,,0.0
47,/award/award_category/winners./award/award_honor/award_winner,5673,0.6842940243257536,19,/award/award_nominee/award_nominations./award/award_nomination/award,3882,0.31932220120095417,0.27831947232578147,0.4354458777341559,19,/award/award_nominee/award_nominations./award/award_nomination/award,3882,0.6842940243257536,0.31932220120095417,0.27831947232578147,0.00022264276967605477,30,/award/award_winning_work/awards_won./award/award_honor/award,0.43522323496447984
48,/people/person/nationality,4197,0.0004765308553728854,122,/base/popstra/location/vacationers./base/popstra/vacation_choice/vacationer,2,0.0057306590257879654,0.00044014084507042255,0.0008798944126704796,122,/base/popstra/location/vacationers./base/popstra/vacation_choice/vacationer,2,0.0004765308553728854,0.0057306590257879654,0.00044014084507042255,0.0,,,0.0008798944126704796
49,/sports/sports_team/roster./baseball/baseball_roster_position/position,183,0.8032786885245902,130,/sports/sports_position/players./sports/sports_team_roster/team,147,0.042,0.04157239819004525,0.07982622861797448,130,/sports/sports_position/players./sports/sports_team_roster/team,147,0.8032786885245902,0.042,0.04157239819004525,0.0,,,0.07982622861797448
50,/people/cause_of_death/people,737,0.0,,,0,0.0,0.0,0.0,,,0,0.0,0.0,0.0,0.0,,,0.0
51,/tv/tv_program/languages,254,0.0,,,0,0.0,0.0,0.0,,,0,0.0,0.0,0.0,0.0,,,0.0
52,/music/genre/parent_genre,678,0.0014749262536873156,20,/music/genre/artists,1,0.00017006802721088434,0.00015250876925423213,0.0003049710277523635,20,/music/genre/artists,1,0.0014749262536873156,0.00017006802721088434,0.00015250876925423213,0.0,,,0.0003049710277523635
53,/base/popstra/celebrity/breakup./base/popstra/breakup/participant,153,0.7320261437908496,77,/base/popstra/celebrity/dated./base/popstra/dated/participant,112,0.07977207977207977,0.07750865051903114,0.14395886889460155,164,/celebrities/celebrity/sexual_relationships./celebrities/romantic_relationship/celebrity,28,0.1830065359477124,0.11864406779661017,0.07756232686980609,0.1438664097623635,77,/base/popstra/celebrity/dated./base/popstra/dated/participant,9.245913223804303e-05
54,/location/country/capital,142,0.4014084507042254,133,/base/biblioness/bibs_location/country,57,0.09344262295081968,0.08201438848920864,0.15159574468085107,133,/base/biblioness/bibs_location/country,57,0.4014084507042254,0.09344262295081968,0.08201438848920864,0.10606060606060605,135,/location/administrative_division/country,0.045535138620245025
55,/film/special_film_performance_type/film_performance_type./film/performance/film,93,0.0,,,0,0.0,0.0,0.0,,,0,0.0,0.0,0.0,0.0,,,0.0
56,/location/hud_county_place/place,459,0.02832244008714597,111,/location/hud_county_place/county,13,0.04262295081967213,0.017310252996005325,0.034374999999999996,190,/location/us_county/county_seat,11,0.023965141612200435,0.06077348066298342,0.017488076311605722,0.034031413612565446,111,/location/hud_county_place/county,0.0003435863874345496
57,/music/performance_role/guest_performances./music/recording_contribution/performance_role,497,0.5975855130784709,75,/music/performance_role/track_performances./music/track_contribution/role,297,0.0782608695652174,0.07434292866082604,0.1560913705583756,9,/music/performance_role/regular_performances./music/group_membership/role,246,0.4949698189134809,0.09265536723163842,0.08465244322092223,0.13839701770736254,75,/music/performance_role/track_performances./music/track_contribution/role,0.017694352851013062
58,/location/location/adjoin_s./location/adjoining_relationship/adjoins,2051,0.017064846416382253,152,/military/military_combatant/military_conflicts./military/military_combatant_group/combatants,35,0.04685408299866131,0.012667390517553384,0.02501786990707648,152,/military/military_combatant/military_conflicts./military/military_combatant_group/combatants,35,0.017064846416382253,0.04685408299866131,0.012667390517553384,0.017094017094017096,218,/location/statistical_region/places_exported_to./location/imports_and_exports/exported_to,0.007923852813059386
59,/film/film_subject/films,603,0.02321724709784411,31,/film/film/genre,14,0.001926252063841497,0.0017818505791014382,0.0037974683544303796,106,/film/film/featured_film_locations,3,0.004975124378109453,0.0030706243602865915,0.0019023462270133164,0.003557362469825943,31,/film/film/genre,0.00024010588460443658
60,/base/schemastaging/person_extra/net_worth./measurement_unit/dated_money_value/currency,475,0.0,,,0,0.0,0.0,0.0,,,0,0.0,0.0,0.0,0.0,,,0.0
61,/education/educational_institution/colors,856,0.0,,,0,0.0,0.0,0.0,,,0,0.0,0.0,0.0,0.0,,,0.0
62,/base/aareas/schema/administrative_area/administrative_parent,579,0.6096718480138169,15,/location/location/contains,353,0.06787156316093058,0.06504514464713469,0.12214532871972317,15,/location/location/contains,353,0.6096718480138169,0.06787156316093058,0.06504514464713469,0.061452513966480445,144,/base/aareas/schema/administrative_area/capital,0.06069281475324272
63,/organization/role/leaders./organization/leadership/organization,756,0.0,,,0,0.0,0.0,0.0,,,0,0.0,0.0,0.0,0.0,,,0.0
64,/government/legislative_session/members./government/government_position_held/legislative_sessions,814,0.0,,,0,0.0,0.0,0.0,,,0,0.0,0.0,0.0,0.0,,,0.0
65,/olympics/olympic_games/sports,664,0.39457831325301207,104,/olympics/olympic_sport/athletes./olympics/olympic_athlete_affiliation/olympics,262,0.6876640419947506,0.334610472541507,0.5014354066985646,104,/olympics/olympic_sport/athletes./olympics/olympic_athlete_affiliation/olympics,262,0.39457831325301207,0.6876640419947506,0.334610472541507,0.0,,,0.5014354066985646
66,/people/person/places_lived./people/place_lived/location,3738,0.002140181915462814,122,/base/popstra/location/vacationers./base/popstra/vacation_choice/vacationer,8,0.022922636103151862,0.001961265015935278,0.003914851969659897,122,/base/popstra/location/vacationers./base/popstra/vacation_choice/vacationer,8,0.002140181915462814,0.022922636103151862,0.001961265015935278,0.00031357792411414236,22,/education/educational_institution/students_graduates./education/education/student,0.003601274045545755
67,/award/award_category/disciplines_or_subjects,204,0.0,,,0,0.0,0.0,0.0,,,0,0.0,0.0,0.0,0.0,,,0.0
68,/sports/professional_sports_team/draft_picks./sports/sports_league_draft_pick/school,688,0.0,,,0,0.0,0.0,0.0,,,0,0.0,0.0,0.0,0.0,,,0.0
69,/olympics/olympic_participating_country/medals_won./olympics/olympic_medal_honor/olympics,1153,0.18300086730268864,157,/olympics/olympic_games/participating_countries,211,0.4306122448979592,0.1473463687150838,0.2568472306755934,157,/olympics/olympic_games/participating_countries,211,0.18300086730268864,0.4306122448979592,0.1473463687150838,0.0013192612137203166,163,/time/event/locations,0.25552796946187306
70,/language/human_language/countries_spoken_in,335,0.39104477611940297,221,/location/country/official_language,131,0.5822222222222222,0.30536130536130535,0.46785714285714286,221,/location/country/official_language,131,0.39104477611940297,0.5822222222222222,0.30536130536130535,0.0,,,0.46785714285714286
71,/people/ethnicity/people,2063,0.0,,,0,0.0,0.0,0.0,,,0,0.0,0.0,0.0,0.0,,,0.0
72,/olympics/olympic_participating_country/athletes./olympics/olympic_athlete_affiliation/olympics,760,0.24210526315789474,157,/olympics/olympic_games/participating_countries,184,0.37551020408163266,0.1726078799249531,0.2944,157,/olympics/olympic_games/participating_countries,184,0.24210526315789474,0.37551020408163266,0.1726078799249531,0.0,,,0.2944
73,/olympics/olympic_participating_country/medals_won./olympics/olympic_medal_honor/medal,256,0.0,,,0,0.0,0.0,0.0,,,0,0.0,0.0,0.0,0.0,,,0.0
74,/film/film/other_crew./film/film_crew_gig/crewmember,384,0.24479166666666666,38,/award/award_nominee/award_nominations./award/award_nomination/nominated_for,94,0.014975306675163294,0.014313994213491702,0.028223990391833056,38,/award/award_nominee/award_nominations./award/award_nomination/nominated_for,94,0.24479166666666666,0.014975306675163294,0.014313994213491702,0.003218020917135961,102,/film/director/film,0.025005969474697097
75,/music/performance_role/track_performances./music/track_contribution/role,3795,0.31277997364953886,9,/music/performance_role/regular_performances./music/group_membership/role,1187,0.44708097928436913,0.2255367661029831,0.36806201550387596,9,/music/performance_role/regular_performances./music/group_membership/role,1187,0.31277997364953886,0.44708097928436913,0.2255367661029831,0.13839701770736254,57,/music/performance_role/guest_performances./music/recording_contribution/performance_role,0.22966499779651342
76,/music/record_label/artist,2226,0.006289308176100629,159,/people/person/employment_history./business/employment_tenure/company,14,0.04430379746835443,0.005537974683544304,0.011014948859166013,159,/people/person/employment_history./business/employment_tenure/company,14,0.006289308176100629,0.04430379746835443,0.005537974683544304,0.00761743546339399,226,/organization/organization_founder/organizations_founded,0.0033975133957720224
77,/base/popstra/celebrity/dated./base/popstra/dated/participant,1404,0.09686609686609686,164,/celebrities/celebrity/sexual_relationships./celebrities/romantic_relationship/celebrity,136,0.576271186440678,0.09042553191489362,0.16585365853658537,164,/celebrities/celebrity/sexual_relationships./celebrities/romantic_relationship/celebrity,136,0.09686609686609686,0.576271186440678,0.09042553191489362,0.1438664097623635,53,/base/popstra/celebrity/breakup./base/popstra/breakup/participant,0.021987248774221868
78,/base/locations/continents/countries_within,125,0.0,,,0,0.0,0.0,0.0,,,0,0.0,0.0,0.0,0.0,,,0.0
79,/sports/sports_league_draft/picks./sports/sports_league_draft_pick/school,269,0.0,,,0,0.0,0.0,0.0,,,0,0.0,0.0,0.0,0.0,,,0.0
80,/sports/sports_team/sport,423,0.0,,,0,0.0,0.0,0.0,,,0,0.0,0.0,0.0,0.0,,,0.0
81,/education/educational_institution_campus/educational_institution,526,0.8079847908745247,146,/education/educational_institution/campuses,425,0.797373358348968,0.6703470031545742,0.8026440037771482,146,/education/educational_institution/campuses,425,0.8079847908745247,0.797373358348968,0.6703470031545742,0.025599999999999998,228,/dataworld/gardening_hint/split_to,0.7770440037771482
82,/people/person/religion,1085,0.0,,,0,0.0,0.0,0.0,,,0,0.0,0.0,0.0,0.0,,,0.0
83,/organization/organization/headquarters./location/mailing_address/citytown,852,0.38028169014084506,15,/location/location/contains,324,0.062295712363007114,0.0565543724908361,0.10705435321328266,15,/location/location/contains,324,0.38028169014084506,0.062295712363007114,0.0565543724908361,0.008453085376162298,94,/sports/sports_team_location/teams,0.09860126783712037
84,/film/film/produced_by,1285,0.3867704280155642,38,/award/award_nominee/award_nominations./award/award_nomination/nominated_for,497,0.07917795125059741,0.07034677990092003,0.2658582089552239,102,/film/director/film,285,0.22178988326848248,0.3317811408614668,0.15330823023130716,0.1314467072203121,38,/award/award_nominee/award_nominations./award/award_nomination/nominated_for,0.1344115017349118
85,/people/person/spouse_s./people/marriage/type_of_union,2909,0.0,,,0,0.0,0.0,0.0,,,0,0.0,0.0,0.0,0.0,,,0.0
86,/film/film/production_companies,1568,0.45918367346938777,32,/film/film_distributor/films_distributed./film/film_film_distributor_relationship/film,720,0.3080872913992298,0.2260596546310832,0.36875800256081953,32,/film/film_distributor/films_distributed./film/film_film_distributor_relationship/film,720,0.45918367346938777,0.3080872913992298,0.2260596546310832,0.04155513065646909,38,/award/award_nominee/award_nominations./award/award_nomination/nominated_for,0.32720287190435043
87,/location/country/second_level_divisions,463,0.11663066954643629,135,/location/administrative_division/country,54,0.13989637305699482,0.06792452830188679,0.12720848056537104,135,/location/administrative_division/country,54,0.11663066954643629,0.13989637305699482,0.06792452830188679,0.07269338303821063,133,/base/biblioness/bibs_location/country,0.05451509752716041
88,/base/culturalevent/event/entity_involved,276,0.0,,,0,0.0,0.0,0.0,,,0,0.0,0.0,0.0,0.0,,,0.0
89,/education/educational_degree/people_with_this_degree./education/education/institution,2257,0.00044306601683650863,124,/education/educational_institution/school_type,1,0.0013736263736263737,0.0003351206434316354,0.0006700167504187604,124,/education/educational_institution/school_type,1,0.00044306601683650863,0.0013736263736263737,0.0003351206434316354,0.0,,,0.0006700167504187604
90,/film/film/distributors./film/film_film_distributor_relationship/film_distribution_medium,285,0.0,,,0,0.0,0.0,0.0,,,0,0.0,0.0,0.0,0.0,,,0.0
91,/tv/tv_program/tv_producer./tv/tv_producer_term/producer_type,121,0.0,,,0,0.0,0.0,0.0,,,0,0.0,0.0,0.0,0.0,,,0.0
92,/music/performance_role/regular_performances./music/group_membership/group,1327,0.003014318010550113,41,/music/artist/track_contributions./music/track_contribution/role,4,0.002257336343115124,0.0012924071082390954,0.002581477896095515,41,/music/artist/track_contributions./music/track_contribution/role,4,0.003014318010550113,0.002257336343115124,0.0012924071082390954,0.0019258545979778526,134,/music/group_member/membership./music/group_membership/role,0.0006556232981176624
93,/government/politician/government_positions_held./government/government_position_held/legislative_sessions,215,0.0,,,0,0.0,0.0,0.0,,,0,0.0,0.0,0.0,0.0,,,0.0
94,/sports/sports_team_location/teams,331,0.015105740181268883,83,/organization/organization/headquarters./location/mailing_address/citytown,5,0.005868544600938967,0.004244482173174873,0.008453085376162298,83,/organization/organization/headquarters./location/mailing_address/citytown,5,0.015105740181268883,0.005868544600938967,0.004244482173174873,0.0019011406844106464,143,/organization/organization/headquarters./location/mailing_address/state_province_region,0.006551944691751652
95,/sports/sports_team/colors,689,0.0,,,0,0.0,0.0,0.0,,,0,0.0,0.0,0.0,0.0,,,0.0
96,/sports/professional_sports_team/draft_picks./sports/sports_league_draft_pick/draft,437,0.0,,,0,0.0,0.0,0.0,,,0,0.0,0.0,0.0,0.0,,,0.0
97,/award/award_nominated_work/award_nominations./award/award_nomination/nominated_for,717,0.2580195258019526,141,/award/award_winning_work/awards_won./award/award_honor/honored_for,185,0.3894736842105263,0.18371400198609733,0.3104026845637584,141,/award/award_winning_work/awards_won./award/award_honor/honored_for,185,0.2580195258019526,0.3894736842105263,0.18371400198609733,0.06020066889632107,230,/film/film/prequel,0.2502020156674373
98,/baseball/baseball_team/team_stats./baseball/baseball_team_stats/season,233,0.0,,,0,0.0,0.0,0.0,,,0,0.0,0.0,0.0,0.0,,,0.0
99,/user/alexander/philosophy/philosopher/interests,100,0.0,,,0,0.0,0.0,0.0,,,0,0.0,0.0,0.0,0.0,,,0.0
100,/people/person/languages,783,0.0038314176245210726,140,/education/field_of_study/students_majoring./education/education/student,3,0.011583011583011582,0.0028873917228103944,0.005758157389635317,140,/education/field_of_study/students_majoring./education/education/student,3,0.0038314176245210726,0.011583011583011582,0.0028873917228103944,0.0,,,0.005758157389635317
101,/education/educational_institution/students_graduates./education/education/major_field_of_study,2622,0.0,,,0,0.0,0.0,0.0,,,0,0.0,0.0,0.0,0.0,,,0.0
102,/film/director/film,859,0.3469150174621653,109,/film/film/written_by,298,0.3786531130876747,0.22106824925816024,0.36208991494532194,109,/film/film/written_by,298,0.3469150174621653,0.3786531130876747,0.22106824925816024,0.2658582089552239,84,/film/film/produced_by,0.09623170599009806
103,/award/award_ceremony/awards_presented./award/award_honor/honored_for,909,0.0,,,0,0.0,0.0,0.0,,,0,0.0,0.0,0.0,0.0,,,0.0
104,/olympics/olympic_sport/athletes./olympics/olympic_athlete_affiliation/olympics,381,0.6876640419947506,65,/olympics/olympic_games/sports,262,0.39457831325301207,0.334610472541507,0.5014354066985646,65,/olympics/olympic_games/sports,262,0.6876640419947506,0.39457831325301207,0.334610472541507,0.45322245322245325,174,/user/jg/default_domain/olympic_games/sports,0.04821295347611132
105,/film/film/costume_design_by,192,0.3541666666666667,38,/award/award_nominee/award_nominations./award/award_nomination/nominated_for,68,0.010833200573522384,0.01062334010310889,0.021023342093059203,38,/award/award_nominee/award_nominations./award/award_nomination/nominated_for,68,0.3541666666666667,0.010833200573522384,0.01062334010310889,0.006557377049180329,173,/film/film_set_designer/film_sets_designed,0.014465965043878874
106,/film/film/featured_film_locations,977,0.0030706243602865915,59,/film/film_subject/films,3,0.004975124378109453,0.0019023462270133164,0.0037974683544303796,59,/film/film_subject/films,3,0.0030706243602865915,0.004975124378109453,0.0019023462270133164,0.0012070006035003018,32,/film/film_distributor/films_distributed./film/film_film_distributor_relationship/film,0.0025904677509300776
107,/tv/tv_program/genre,1006,0.02982107355864811,2,/media_common/netflix_genre/titles,30,0.011231748408835642,0.008225939128050452,0.016317650258362796,2,/media_common/netflix_genre/titles,30,0.02982107355864811,0.011231748408835642,0.008225939128050452,0.0,,,0.016317650258362796
108,/organization/endowed_organization/endowment./measurement_unit/dated_money_value/currency,456,0.0,,,0,0.0,0.0,0.0,,,0,0.0,0.0,0.0,0.0,,,0.0
109,/film/film/written_by,787,0.49301143583227447,38,/award/award_nominee/award_nominations./award/award_nomination/nominated_for,388,0.0618129679783336,0.05811863391252247,0.36208991494532194,102,/film/director/film,298,0.3786531130876747,0.3469150174621653,0.22106824925816024,0.10985277463193657,38,/award/award_nominee/award_nominations./award/award_nomination/nominated_for,0.2522371403133854
110,/tv/tv_producer/programs_produced./tv/tv_producer_term/producer_type,225,0.0,,,0,0.0,0.0,0.0,,,0,0.0,0.0,0.0,0.0,,,0.0
111,/location/hud_county_place/county,305,0.7081967213114754,15,/location/location/contains,216,0.04153047490867141,0.040831758034026465,0.5102880658436214,190,/location/us_county/county_seat,124,0.4065573770491803,0.6850828729281768,0.3425414364640884,0.07845986196876134,15,/location/location/contains,0.4318282038748601
112,/education/educational_degree/people_with_this_degree./education/education/major_field_of_study,494,0.0,,,0,0.0,0.0,0.0,,,0,0.0,0.0,0.0,0.0,,,0.0
113,/base/schemastaging/organization_extra/phone_number./base/schemastaging/phone_sandbox/contact_category,142,0.007042253521126761,44,/business/job_title/people_with_this_title./business/employment_tenure/company,1,0.0013623978201634877,0.001142857142857143,0.00228310502283105,44,/business/job_title/people_with_this_title./business/employment_tenure/company,1,0.007042253521126761,0.0013623978201634877,0.001142857142857143,0.0,,,0.00228310502283105
114,/base/saturdaynightlive/snl_cast_member/seasons./base/saturdaynightlive/snl_season_tenure/cast_members,100,0.02,8,/award/award_nominee/award_nominations./award/award_nomination/award_nominee,2,0.0001250859966226781,0.0001243239883135451,0.0024829298572315336,45,/base/popstra/celebrity/friendship./base/popstra/friendship/participant,2,0.02,0.0013236267372600927,0.001243008079552517,0.00024861706756168815,8,/award/award_nominee/award_nominations./award/award_nomination/award_nominee,0.0022343127896698456
115,/film/film/film_format,345,0.0,,,0,0.0,0.0,0.0,,,0,0.0,0.0,0.0,0.0,,,0.0
116,/film/film/music,1039,0.30221366698748797,38,/award/award_nominee/award_nominations./award/award_nomination/nominated_for,314,0.05002389676597101,0.04484433019137389,0.08583925642427556,38,/award/award_nominee/award_nominations./award/award_nomination/nominated_for,314,0.30221366698748797,0.05002389676597101,0.04484433019137389,0.013698630136986302,102,/film/director/film,0.07214062628728926
117,/sports/sports_team/roster./american_football/football_roster_position/position,607,0.8023064250411862,130,/sports/sports_position/players./sports/sports_team_roster/team,487,0.13914285714285715,0.1345303867403315,0.23715607499391286,130,/sports/sports_position/players./sports/sports_team_roster/team,487,0.8023064250411862,0.13914285714285715,0.1345303867403315,0.0029828486204325133,44,/business/job_title/people_with_this_title./business/employment_tenure/company,0.23417322637348034
118,/user/tsegaran/random/taxonomy_subject/entry./user/tsegaran/random/taxonomy_entry/taxonomy,411,0.0,,,0,0.0,0.0,0.0,,,0,0.0,0.0,0.0,0.0,,,0.0
119,/celebrities/celebrity/celebrity_friends./celebrities/friendship/friend,250,0.348,45,/base/popstra/celebrity/friendship./base/popstra/friendship/participant,87,0.05757776307081403,0.05197132616487455,0.09880749574105623,45,/base/popstra/celebrity/friendship./base/popstra/friendship/participant,87,0.348,0.05757776307081403,0.05197132616487455,0.03292181069958848,164,/celebrities/celebrity/sexual_relationships./celebrities/romantic_relationship/celebrity,0.06588568504146775
120,/location/hud_foreclosure_area/estimated_number_of_mortgages./measurement_unit/dated_integer/source,788,0.0,,,0,0.0,0.0,0.0,,,0,0.0,0.0,0.0,0.0,,,0.0
121,/base/x2010fifaworldcupsouthafrica/world_cup_squad/current_world_cup_squad./base/x2010fifaworldcupsouthafrica/current_world_cup_squad/current_club,246,0.0,,,0,0.0,0.0,0.0,,,0,0.0,0.0,0.0,0.0,,,0.0
122,/base/popstra/location/vacationers./base/popstra/vacation_choice/vacationer,349,0.022922636103151862,66,/people/person/places_lived./people/place_lived/location,8,0.002140181915462814,0.001961265015935278,0.013333333333333334,224,/people/person/spouse_s./people/marriage/location_of_ceremony,4,0.011461318051575931,0.01593625498007968,0.006711409395973154,0.004439511653718091,160,/music/artist/origin,0.008893821679615242
123,/base/popstra/celebrity/canoodled./base/popstra/canoodled/participant,449,0.24721603563474387,77,/base/popstra/celebrity/dated./base/popstra/dated/participant,111,0.07905982905982906,0.06371986222732491,0.11980572045331894,77,/base/popstra/celebrity/dated./base/popstra/dated/participant,111,0.24721603563474387,0.07905982905982906,0.06371986222732491,0.079734219269103,53,/base/popstra/celebrity/breakup./base/popstra/breakup/participant,0.040071501184215944
124,/education/educational_institution/school_type,728,0.0013736263736263737,89,/education/educational_degree/people_with_this_degree./education/education/institution,1,0.00044306601683650863,0.0003351206434316354,0.0006700167504187604,89,/education/educational_degree/people_with_this_degree./education/education/institution,1,0.0013736263736263737,0.00044306601683650863,0.0003351206434316354,0.0,,,0.0006700167504187604
125,/sports/sport/pro_athletes./sports/pro_sports_played/athlete,128,0.0,,,0,0.0,0.0,0.0,,,0,0.0,0.0,0.0,0.0,,,0.0
126,/award/hall_of_fame/inductees./award/hall_of_fame_induction/inductee,154,0.0,,,0,0.0,0.0,0.0,,,0,0.0,0.0,0.0,0.0,,,0.0
127,/base/biblioness/bibs_location/state,300,0.8166666666666667,15,/location/location/contains,245,0.047106325706594884,0.04661339421613394,0.18764302059496565,144,/base/aareas/schema/administrative_area/capital,41,0.13666666666666666,0.29927007299270075,0.10353535353535354,0.08907471368842029,15,/location/location/contains,0.09856830690654536
128,/education/university/local_tuition./measurement_unit/dated_money_value/currency,360,0.0,,,0,0.0,0.0,0.0,,,0,0.0,0.0,0.0,0.0,,,0.0
129,/business/business_operation/revenue./measurement_unit/dated_money_value/currency,215,0.0,,,0,0.0,0.0,0.0,,,0,0.0,0.0,0.0,0.0,,,0.0
130,/sports/sports_position/players./sports/sports_team_roster/team,3500,0.5268571428571428,5,/soccer/football_team/current_roster./soccer/football_roster_position/position,1844,0.8141280353200883,0.47028819178780923,0.6397224631396357,5,/soccer/football_team/current_roster./soccer/football_roster_position/position,1844,0.5268571428571428,0.8141280353200883,0.47028819178780923,0.6345019090593543,4,/soccer/football_team/current_roster./sports/sports_team_roster/position,0.0052205540802813255
131,/military/military_conflict/combatants./military/military_combatant_group/combatants,424,0.0,,,0,0.0,0.0,0.0,,,0,0.0,0.0,0.0,0.0,,,0.0
132,/sports/sports_league/teams./sports/sports_league_participation/team,161,0.0,,,0,0.0,0.0,0.0,,,0,0.0,0.0,0.0,0.0,,,0.0
133,/base/biblioness/bibs_location/country,610,0.7557377049180328,15,/location/location/contains,461,0.0886368006152663,0.08616822429906543,0.15866460161762175,15,/location/location/contains,461,0.7557377049180328,0.0886368006152663,0.08616822429906543,0.15159574468085107,54,/location/country/capital,0.007068856936770673
134,/music/group_member/membership./music/group_membership/role,750,0.3933333333333333,42,/music/instrument/instrumentalists,295,0.152218782249742,0.12327622231508567,0.2194940476190476,42,/music/instrument/instrumentalists,295,0.3933333333333333,0.152218782249742,0.12327622231508567,0.0019258545979778526,92,/music/performance_role/regular_performances./music/group_membership/group,0.21756819302106972
135,/location/administrative_division/country,386,0.8290155440414507,15,/location/location/contains,320,0.061526629494328015,0.06075564837668502,0.12720848056537104,87,/location/country/second_level_divisions,54,0.13989637305699482,0.11663066954643629,0.06792452830188679,0.11455163773044567,15,/location/location/contains,0.012656842834925366
136,/film/film/executive_produced_by,662,0.1268882175226586,38,/award/award_nominee/award_nominations./award/award_nomination/nominated_for,84,0.013382188943762944,0.01225382932166302,0.04076265614727153,102,/film/director/film,31,0.04682779456193353,0.03608847497089639,0.02080536912751678,0.02421098140942499,38,/award/award_nominee/award_nominations./award/award_nomination/nominated_for,0.01655167473784654
137,/food/food/nutrients./food/nutrition_fact/nutrient,966,0.0,,,0,0.0,0.0,0.0,,,0,0.0,0.0,0.0,0.0,,,0.0
138,/music/group_member/membership./music/group_membership/group,218,0.01834862385321101,8,/award/award_nominee/award_nominations./award/award_nomination/award_nominee,4,0.0002501719932453562,0.000246867863975807,0.012618296529968456,228,/dataworld/gardening_hint/split_to,2,0.009174311926605505,0.020202020202020204,0.006349206349206349,0.0004936138705497624,8,/award/award_nominee/award_nominations./award/award_nomination/award_nominee,0.012124682659418693
139,/location/statistical_region/gdp_nominal_per_capita./measurement_unit/dated_money_value/currency,190,0.0,,,0,0.0,0.0,0.0,,,0,0.0,0.0,0.0,0.0,,,0.0
140,/education/field_of_study/students_majoring./education/education/student,259,0.011583011583011582,100,/people/person/languages,3,0.0038314176245210726,0.0028873917228103944,0.005758157389635317,100,/people/person/languages,3,0.011583011583011582,0.0038314176245210726,0.0028873917228103944,0.005390835579514825,232,/film/actor/dubbing_performances./film/dubbing_performance/language,0.00036732181012049184
141,/award/award_winning_work/awards_won./award/award_honor/honored_for,475,0.3894736842105263,97,/award/award_nominated_work/award_nominations./award/award_nomination/nominated_for,185,0.2580195258019526,0.18371400198609733,0.3104026845637584,97,/award/award_nominated_work/award_nominations./award/award_nomination/nominated_for,185,0.3894736842105263,0.2580195258019526,0.18371400198609733,0.030534351145038167,230,/film/film/prequel,0.27986833341872025
142,/sports/sports_team/roster./basketball/basketball_roster_position/position,178,0.8146067415730337,130,/sports/sports_position/players./sports/sports_team_roster/team,145,0.041428571428571426,0.041041607698839515,0.07884719956498096,130,/sports/sports_position/players./sports/sports_team_roster/team,145,0.8146067415730337,0.041428571428571426,0.041041607698839515,0.0,,,0.07884719956498096
143,/organization/organization/headquarters./location/mailing_address/state_province_region,721,0.49791955617198336,15,/location/location/contains,359,0.06902518746394924,0.06453352507639763,0.12124282337048295,15,/location/location/contains,359,0.49791955617198336,0.06902518746394924,0.06453352507639763,0.0019011406844106464,94,/sports/sports_team_location/teams,0.1193416826860723
144,/base/aareas/schema/administrative_area/capital,137,0.7664233576642335,194,/location/capital_of_administrative_division/capital_of./location/administrative_division_capital_relationship/administrative_division,105,0.3547297297297297,0.3201219512195122,0.48498845265588914,194,/location/capital_of_administrative_division/capital_of./location/administrative_division_capital_relationship/administrative_division,105,0.7664233576642335,0.3547297297297297,0.3201219512195122,0.18764302059496565,127,/base/biblioness/bibs_location/state,0.29734543206092345
145,/tv/tv_producer/programs_produced./tv/tv_producer_term/program,416,0.36538461538461536,12,/award/award_winning_work/awards_won./award/award_honor/award_winner,152,0.05080213903743316,0.04668304668304668,0.3571428571428571,201,/tv/tv_program/program_creator,100,0.2403846153846154,0.6944444444444444,0.21739130434782608,0.0892018779342723,12,/award/award_winning_work/awards_won./award/award_honor/award_winner,0.2679409792085848
146,/education/educational_institution/campuses,533,0.797373358348968,81,/education/educational_institution_campus/educational_institution,425,0.8079847908745247,0.6703470031545742,0.8026440037771482,81,/education/educational_institution_campus/educational_institution,425,0.797373358348968,0.8079847908745247,0.6703470031545742,0.03164556962025317,228,/dataworld/gardening_hint/split_to,0.770998434156895
147,/film/film/distributors./film/film_film_distributor_relationship/region,157,0.03821656050955414,2,/media_common/netflix_genre/titles,6,0.0022463496817671283,0.002126151665485471,0.004243281471004242,2,/media_common/netflix_genre/titles,6,0.03821656050955414,0.0022463496817671283,0.002126151665485471,0.0,,,0.004243281471004242
148,/travel/travel_destination/climate./travel/travel_destination_monthly_climate/month,535,0.0,,,0,0.0,0.0,0.0,,,0,0.0,0.0,0.0,0.0,,,0.0
149,/medicine/disease/notable_people_with_this_condition,121,0.0,,,0,0.0,0.0,0.0,,,0,0.0,0.0,0.0,0.0,,,0.0
150,/base/schemastaging/organization_extra/phone_number./base/schemastaging/phone_sandbox/service_location,345,0.043478260869565216,15,/location/location/contains,15,0.0028840607575466256,0.002711986982462484,0.005409304002884962,15,/location/location/contains,15,0.043478260869565216,0.0028840607575466256,0.002711986982462484,0.0017513134851138354,23,/organization/organization_member/member_of./organization/organization_membership/organization,0.003657990517771127
151,/people/ethnicity/geographic_distribution,122,0.0,,,0,0.0,0.0,0.0,,,0,0.0,0.0,0.0,0.0,,,0.0
152,/military/military_combatant/military_conflicts./military/military_combatant_group/combatants,747,0.04685408299866131,58,/location/location/adjoin_s./location/adjoining_relationship/adjoins,35,0.017064846416382253,0.012667390517553384,0.041349292709466814,218,/location/statistical_region/places_exported_to./location/imports_and_exports/exported_to,19,0.025435073627844713,0.11046511627906977,0.021111111111111112,0.02501786990707648,58,/location/location/adjoin_s./location/adjoining_relationship/adjoins,0.016331422802390333
153,/film/film/personal_appearances./film/personal_film_appearance/person,217,0.15207373271889402,6,/film/actor/film./film/performance/film,33,0.0034758795028439014,0.0034097954122752636,0.00929368029739777,102,/film/director/film,5,0.02304147465437788,0.005820721769499418,0.004668534080298786,0.006796416434970652,6,/film/actor/film./film/performance/film,0.002497263862427118
154,/location/location/time_zones,1151,0.0,,,0,0.0,0.0,0.0,,,0,0.0,0.0,0.0,0.0,,,0.0
155,/film/film/story_by,394,0.17766497461928935,38,/award/award_nominee/award_nominations./award/award_nomination/nominated_for,70,0.011151824119802454,0.010604453870625663,0.06863527533918595,102,/film/director/film,43,0.10913705583756345,0.050058207217694994,0.03553719008264463,0.02098635886673662,38,/award/award_nominee/award_nominations./award/award_nomination/nominated_for,0.04764891647244933
156,/base/petbreeds/city_with_dogs/top_breeds./base/petbreeds/dog_city_relationship/dog_breed,192,0.0,,,0,0.0,0.0,0.0,,,0,0.0,0.0,0.0,0.0,,,0.0
157,/olympics/olympic_games/participating_countries,490,0.4306122448979592,69,/olympics/olympic_participating_country/medals_won./olympics/olympic_medal_honor/olympics,211,0.18300086730268864,0.1473463687150838,0.2944,72,/olympics/olympic_participating_country/athletes./olympics/olympic_athlete_affiliation/olympics,184,0.37551020408163266,0.24210526315789474,0.1726078799249531,0.2568472306755934,69,/olympics/olympic_participating_country/medals_won./olympics/olympic_medal_honor/olympics,0.0375527693244066
158,/tv/tv_network/programs./tv/tv_network_duration/program,305,0.13442622950819672,12,/award/award_winning_work/awards_won./award/award_honor/award_winner,41,0.013703208556149732,0.012592137592137592,0.0248710949347892,12,/award/award_winning_work/awards_won./award/award_honor/award_winner,41,0.13442622950819672,0.013703208556149732,0.012592137592137592,0.008908685968819599,201,/tv/tv_program/program_creator,0.0159624089659696
159,/people/person/employment_history./business/employment_tenure/company,316,0.056962025316455694,22,/education/educational_institution/students_graduates./education/education/student,18,0.006818181818181818,0.006126616746085773,0.012178619756427604,22,/education/educational_institution/students_graduates./education/education/student,18,0.056962025316455694,0.006818181818181818,0.006126616746085773,0.011014948859166013,76,/music/record_label/artist,0.0011636708972615917
160,/music/artist/origin,552,0.0036231884057971015,122,/base/popstra/location/vacationers./base/popstra/vacation_choice/vacationer,2,0.0057306590257879654,0.002224694104560623,0.004439511653718091,122,/base/popstra/location/vacationers./base/popstra/vacation_choice/vacationer,2,0.0036231884057971015,0.0057306590257879654,0.002224694104560623,0.0,,,0.004439511653718091
161,/people/marriage_union_type/unions_of_this_type./people/marriage/location_of_ceremony,417,0.0,,,0,0.0,0.0,0.0,,,0,0.0,0.0,0.0,0.0,,,0.0
162,/tv/tv_writer/tv_programs./tv/tv_program_writer_relationship/tv_program,271,0.4132841328413284,12,/award/award_winning_work/awards_won./award/award_honor/award_winner,112,0.0374331550802139,0.035544271659790544,0.2409638554216867,201,/tv/tv_program/program_creator,50,0.18450184501845018,0.3472222222222222,0.136986301369863,0.06864848299111247,12,/award/award_winning_work/awards_won./award/award_honor/award_winner,0.1723153724305742
163,/time/event/locations,363,0.0027548209366391185,15,/location/location/contains,1,0.00019227071716977504,0.00017975912277548085,0.0013192612137203166,69,/olympics/olympic_participating_country/medals_won./olympics/olympic_medal_honor/olympics,1,0.0027548209366391185,0.0008673026886383347,0.0006600660066006601,0.0003594536304816678,15,/location/location/contains,0.0009598075832386488
164,/celebrities/celebrity/sexual_relationships./celebrities/romantic_relationship/celebrity,236,0.576271186440678,77,/base/popstra/celebrity/dated./base/popstra/dated/participant,136,0.09686609686609686,0.09042553191489362,0.16585365853658537,77,/base/popstra/celebrity/dated./base/popstra/dated/participant,136,0.576271186440678,0.09686609686609686,0.09042553191489362,0.14395886889460155,53,/base/popstra/celebrity/breakup./base/popstra/breakup/participant,0.021894789641983825
165,/government/political_party/politicians_in_this_party./government/political_party_tenure/politician,107,0.028037383177570093,226,/organization/organization_founder/organizations_founded,3,0.021897810218978103,0.012448132780082987,0.02459016393442623,226,/organization/organization_founder/organizations_founded,3,0.028037383177570093,0.021897810218978103,0.012448132780082987,0.0022123893805309734,23,/organization/organization_member/member_of./organization/organization_membership/organization,0.022377774553895256
166,/education/university/domestic_tuition./measurement_unit/dated_money_value/currency,476,0.0,,,0,0.0,0.0,0.0,,,0,0.0,0.0,0.0,0.0,,,0.0
167,/organization/non_profit_organization/registered_with./organization/non_profit_registration/registering_agency,125,0.0,,,0,0.0,0.0,0.0,,,0,0.0,0.0,0.0,0.0,,,0.0
168,/user/ktrueman/default_domain/international_organization/member_states,179,0.22346368715083798,23,/organization/organization_member/member_of./organization/organization_membership/organization,40,0.050188205771643665,0.042735042735042736,0.0819672131147541,23,/organization/organization_member/member_of./organization/organization_membership/organization,40,0.22346368715083798,0.050188205771643665,0.042735042735042736,0.0,,,0.0819672131147541
169,/american_football/football_team/current_roster./sports/sports_team_roster/position,573,0.8202443280977313,130,/sports/sports_position/players./sports/sports_team_roster/team,470,0.13428571428571429,0.13044684984734944,0.23078811686717407,130,/sports/sports_position/players./sports/sports_team_roster/team,470,0.8202443280977313,0.13428571428571429,0.13044684984734944,0.00612088752869166,44,/business/job_title/people_with_this_title./business/employment_tenure/company,0.2246672293384824
170,/soccer/football_player/current_team./sports/sports_team_roster/team,536,0.0,,,0,0.0,0.0,0.0,,,0,0.0,0.0,0.0,0.0,,,0.0
171,/olympics/olympic_games/medals_awarded./olympics/olympic_medal_honor/medal,101,0.0,,,0,0.0,0.0,0.0,,,0,0.0,0.0,0.0,0.0,,,0.0
172,/award/ranked_item/appears_in_ranked_lists./award/ranking/list,335,0.0,,,0,0.0,0.0,0.0,,,0,0.0,0.0,0.0,0.0,,,0.0
173,/film/film_set_designer/film_sets_designed,113,0.24778761061946902,12,/award/award_winning_work/awards_won./award/award_honor/award_winner,28,0.009358288770053475,0.009099772505687357,0.018035426731078903,12,/award/award_winning_work/awards_won./award/award_honor/award_winner,28,0.24778761061946902,0.009358288770053475,0.009099772505687357,0.014760147601476014,184,/film/film/film_production_design_by,0.003275279129602888
174,/user/jg/default_domain/olympic_games/sports,581,0.37521514629948366,104,/olympics/olympic_sport/athletes./olympics/olympic_athlete_affiliation/olympics,218,0.5721784776902887,0.29301075268817206,0.45322245322245325,104,/olympics/olympic_sport/athletes./olympics/olympic_athlete_affiliation/olympics,218,0.37521514629948366,0.5721784776902887,0.29301075268817206,0.0,,,0.45322245322245325
175,/people/person/sibling_s./people/sibling_relationship/sibling,131,0.16030534351145037,8,/award/award_nominee/award_nominations./award/award_nomination/award_nominee,21,0.00131340296453812,0.0013044288465122057,0.013468013468013467,196,/influence/influence_node/peers./influence/peer_relationship/peers,2,0.015267175572519083,0.012048192771084338,0.006779661016949152,0.006090133982947625,45,/base/popstra/celebrity/friendship./base/popstra/friendship/participant,0.007377879485065842
176,/base/marchmadness/ncaa_basketball_tournament/seeds./base/marchmadness/ncaa_tournament_seed/team,352,0.0,,,0,0.0,0.0,0.0,,,0,0.0,0.0,0.0,0.0,,,0.0
177,/music/artist/contribution./music/recording_contribution/performance_role,218,0.25229357798165136,42,/music/instrument/instrumentalists,55,0.028379772961816305,0.02617801047120419,0.05102040816326531,42,/music/instrument/instrumentalists,55,0.25229357798165136,0.028379772961816305,0.02617801047120419,0.0,,,0.05102040816326531
178,/sports/sports_position/players./sports/sports_team_roster/position,125,0.688,180,/sports/sports_position/players./american_football/football_historical_roster_position/position_s,86,0.8431372549019608,0.6099290780141844,0.7577092511013216,180,/sports/sports_position/players./american_football/football_historical_roster_position/position_s,86,0.688,0.8431372549019608,0.6099290780141844,0.0,,,0.7577092511013216
179,/government/politician/government_positions_held./government/government_position_held/basic_title,114,0.0,,,0,0.0,0.0,0.0,,,0,0.0,0.0,0.0,0.0,,,0.0
180,/sports/sports_position/players./american_football/football_historical_roster_position/position_s,102,0.8431372549019608,178,/sports/sports_position/players./sports/sports_team_roster/position,86,0.688,0.6099290780141844,0.7577092511013216,178,/sports/sports_position/players./sports/sports_team_roster/position,86,0.8431372549019608,0.688,0.6099290780141844,0.0,,,0.7577092511013216
181,/people/profession/specialization_of,102,0.0,,,0,0.0,0.0,0.0,,,0,0.0,0.0,0.0,0.0,,,0.0
182,/award/award_category/category_of,148,0.0,,,0,0.0,0.0,0.0,,,0,0.0,0.0,0.0,0.0,,,0.0
183,/film/film/cinematography,336,0.40476190476190477,38,/award/award_nominee/award_nominations./award/award_nomination/nominated_for,136,0.021666401147044767,0.02099737532808399,0.04113110539845758,38,/award/award_nominee/award_nominations./award/award_nomination/nominated_for,136,0.40476190476190477,0.021666401147044767,0.02099737532808399,0.0200836820083682,102,/film/director/film,0.02104742339008938
184,/film/film/film_production_design_by,158,0.3987341772151899,38,/award/award_nominee/award_nominations./award/award_nomination/nominated_for,63,0.010036641707822208,0.009887005649717515,0.019580419580419582,38,/award/award_nominee/award_nominations./award/award_nomination/nominated_for,63,0.3987341772151899,0.010036641707822208,0.009887005649717515,0.014760147601476014,173,/film/film_set_designer/film_sets_designed,0.004820271978943568
185,/tv/tv_program/country_of_origin,268,0.026119402985074626,2,/media_common/netflix_genre/titles,7,0.002620741295394983,0.0023874488403819918,0.004763525008506294,2,/media_common/netflix_genre/titles,7,0.026119402985074626,0.002620741295394983,0.0023874488403819918,0.0,,,0.004763525008506294
186,/film/film/edited_by,179,0.3016759776536313,38,/award/award_nominee/award_nominations./award/award_nomination/nominated_for,54,0.008602835749561893,0.008434864104967198,0.05973025048169557,102,/film/director/film,31,0.17318435754189945,0.03608847497089639,0.030784508440913606,0.016728624535315987,38,/award/award_nominee/award_nominations./award/award_nomination/nominated_for,0.04300162594637959
187,/tv/tv_personality/tv_regular_appearances./tv/tv_regular_personal_appearance/program,103,0.2621359223300971,1,/tv/tv_program/regular_cast./tv/regular_tv_appearance/actor,27,0.02122641509433962,0.020029673590504452,0.04048582995951418,201,/tv/tv_program/program_creator,5,0.04854368932038835,0.034722222222222224,0.02066115702479339,0.039272727272727265,1,/tv/tv_program/regular_cast./tv/regular_tv_appearance/actor,0.0012131026867869127
188,/education/field_of_study/students_majoring./education/education/major_field_of_study,343,0.0,,,0,0.0,0.0,0.0,,,0,0.0,0.0,0.0,0.0,,,0.0
189,/education/educational_degree/people_with_this_degree./education/education/student,260,0.0,,,0,0.0,0.0,0.0,,,0,0.0,0.0,0.0,0.0,,,0.0
190,/location/us_county/county_seat,181,0.6850828729281768,111,/location/hud_county_place/county,124,0.4065573770491803,0.3425414364640884,0.5115303983228513,194,/location/capital_of_administrative_division/capital_of./location/administrative_division_capital_relationship/administrative_division,122,0.6740331491712708,0.41216216216216217,0.3436619718309859,0.5102880658436214,111,/location/hud_county_place/county,0.0012423324792298907
191,/film/film/film_festivals,264,0.007575757575757576,210,/time/event/instance_of_recurring_event,2,0.01834862385321101,0.005390835579514825,0.010723860589812333,210,/time/event/instance_of_recurring_event,2,0.007575757575757576,0.01834862385321101,0.005390835579514825,0.0,,,0.010723860589812333
192,/people/person/spouse_s./people/marriage/spouse,427,0.2529274004683841,77,/base/popstra/celebrity/dated./base/popstra/dated/participant,108,0.07692307692307693,0.06268136970400465,0.11796832332058983,77,/base/popstra/celebrity/dated./base/popstra/dated/participant,108,0.2529274004683841,0.07692307692307693,0.06268136970400465,0.11724137931034484,53,/base/popstra/celebrity/breakup./base/popstra/breakup/participant,0.0007269440102449926
193,/film/film/runtime./film/film_cut/film_release_region,187,0.03208556149732621,2,/media_common/netflix_genre/titles,6,0.0022463496817671283,0.0021037868162692847,0.004198740377886634,2,/media_common/netflix_genre/titles,6,0.03208556149732621,0.0022463496817671283,0.0021037868162692847,0.0,,,0.004198740377886634
194,/location/capital_of_administrative_division/capital_of./location/administrative_division_capital_relationship/administrative_division,296,0.7263513513513513,15,/location/location/contains,215,0.04133820419150164,0.0407042786823173,0.5115303983228513,190,/location/us_county/county_seat,122,0.41216216216216217,0.6740331491712708,0.3436619718309859,0.48498845265588914,144,/base/aareas/schema/administrative_area/capital,0.026541945666962163
195,/base/aareas/schema/administrative_area/administrative_area_type,156,0.0,,,0,0.0,0.0,0.0,,,0,0.0,0.0,0.0,0.0,,,0.0
196,/influence/influence_node/peers./influence/peer_relationship/peers,166,0.1566265060240964,21,/influence/influence_node/influenced_by,26,0.013626834381551363,0.0126953125,0.025072324011571844,21,/influence/influence_node/influenced_by,26,0.1566265060240964,0.013626834381551363,0.0126953125,0.013468013468013467,175,/people/person/sibling_s./people/sibling_relationship/sibling,0.011604310543558377
197,/government/governmental_body/members./government/government_position_held/legislative_sessions,101,0.0,,,0,0.0,0.0,0.0,,,0,0.0,0.0,0.0,0.0,,,0.0
198,/base/schemastaging/organization_extra/phone_number./base/schemastaging/phone_sandbox/service_language,208,0.0,,,0,0.0,0.0,0.0,,,0,0.0,0.0,0.0,0.0,,,0.0
199,/organization/organization/place_founded,104,0.028846153846153848,15,/location/location/contains,3,0.0005768121515093252,0.0005658242172764995,0.0011310084825636195,15,/location/location/contains,3,0.028846153846153848,0.0005768121515093252,0.0005658242172764995,0.0,,,0.0011310084825636195
200,/base/eating/practicer_of_diet/diet,137,0.0,,,0,0.0,0.0,0.0,,,0,0.0,0.0,0.0,0.0,,,0.0
201,/tv/tv_program/program_creator,144,0.6944444444444444,145,/tv/tv_producer/programs_produced./tv/tv_producer_term/program,100,0.2403846153846154,0.21739130434782608,0.3571428571428571,145,/tv/tv_producer/programs_produced./tv/tv_producer_term/program,100,0.6944444444444444,0.2403846153846154,0.21739130434782608,0.2409638554216867,162,/tv/tv_writer/tv_programs./tv/tv_program_writer_relationship/tv_program,0.1161790017211704
202,/people/deceased_person/place_of_burial,142,0.0,,,0,0.0,0.0,0.0,,,0,0.0,0.0,0.0,0.0,,,0.0
203,/film/film/release_date_s./film/film_regional_release_date/film_regional_debut_venue,246,0.0,,,0,0.0,0.0,0.0,,,0,0.0,0.0,0.0,0.0,,,0.0
204,/ice_hockey/hockey_team/current_roster./sports/sports_team_roster/position,121,0.743801652892562,130,/sports/sports_position/players./sports/sports_team_roster/team,90,0.025714285714285714,0.025488530161427356,0.04971002485501243,130,/sports/sports_position/players./sports/sports_team_roster/team,90,0.743801652892562,0.025714285714285714,0.025488530161427356,0.0,,,0.04971002485501243
205,/location/administrative_division/first_level_division_of,141,0.8794326241134752,15,/location/location/contains,124,0.023841568929052107,0.023763894212341895,0.04642456008985399,15,/location/location/contains,124,0.8794326241134752,0.023841568929052107,0.023763894212341895,0.04240282685512367,54,/location/country/capital,0.004021733234730318
206,/location/statistical_region/gdp_real./measurement_unit/adjusted_money_value/adjustment_currency,160,0.0,,,0,0.0,0.0,0.0,,,0,0.0,0.0,0.0,0.0,,,0.0
207,/organization/organization/child./organization/organization_relationship/child,191,0.041884816753926704,8,/award/award_nominee/award_nominations./award/award_nomination/award_nominee,8,0.0005003439864907124,0.0004946821667078902,0.000988875154511743,8,/award/award_nominee/award_nominations./award/award_nomination/award_nominee,8,0.041884816753926704,0.0005003439864907124,0.0004946821667078902,0.0006965405154399813,3,/award/award_winner/awards_won./award/award_honor/award_winner,0.00029233463907176165
208,/business/business_operation/assets./measurement_unit/dated_money_value/currency,181,0.0,,,0,0.0,0.0,0.0,,,0,0.0,0.0,0.0,0.0,,,0.0
209,/film/person_or_entity_appearing_in_film/films./film/personal_film_appearance/type_of_appearance,37,0.0,,,0,0.0,0.0,0.0,,,0,0.0,0.0,0.0,0.0,,,0.0
210,/time/event/instance_of_recurring_event,109,0.01834862385321101,191,/film/film/film_festivals,2,0.007575757575757576,0.005390835579514825,0.010723860589812333,191,/film/film/film_festivals,2,0.01834862385321101,0.007575757575757576,0.005390835579514825,0.0,,,0.010723860589812333
211,/tv/non_character_role/tv_regular_personal_appearances./tv/tv_regular_personal_appearance/person,90,0.022222222222222223,17,/people/person/profession,2,0.0001827318410232983,0.00018127435874195594,0.0003624830086089714,17,/people/person/profession,2,0.022222222222222223,0.0001827318410232983,0.00018127435874195594,0.0,,,0.0003624830086089714
212,/film/actor/film./film/performance/special_performance_type,180,0.0,,,0,0.0,0.0,0.0,,,0,0.0,0.0,0.0,0.0,,,0.0
213,/business/business_operation/operating_income./measurement_unit/dated_money_value/currency,198,0.0,,,0,0.0,0.0,0.0,,,0,0.0,0.0,0.0,0.0,,,0.0
214,/people/ethnicity/languages_spoken,192,0.0,,,0,0.0,0.0,0.0,,,0,0.0,0.0,0.0,0.0,,,0.0
215,/base/americancomedy/celebrity_impressionist/celebrities_impersonated,121,0.0,,,0,0.0,0.0,0.0,,,0,0.0,0.0,0.0,0.0,,,0.0
216,/medicine/symptom/symptom_of,154,0.0,,,0,0.0,0.0,0.0,,,0,0.0,0.0,0.0,0.0,,,0.0
217,/education/university/fraternities_and_sororities,131,0.0,,,0,0.0,0.0,0.0,,,0,0.0,0.0,0.0,0.0,,,0.0
218,/location/statistical_region/places_exported_to./location/imports_and_exports/exported_to,172,0.11046511627906977,58,/location/location/adjoin_s./location/adjoining_relationship/adjoins,19,0.009263773768893223,0.008620689655172414,0.041349292709466814,152,/military/military_combatant/military_conflicts./military/military_combatant_group/combatants,19,0.11046511627906977,0.025435073627844713,0.021111111111111112,0.017094017094017096,58,/location/location/adjoin_s./location/adjoining_relationship/adjoins,0.02425527561544972
219,/location/statistical_region/gdp_nominal./measurement_unit/dated_money_value/currency,220,0.0,,,0,0.0,0.0,0.0,,,0,0.0,0.0,0.0,0.0,,,0.0
220,/travel/travel_destination/how_to_get_here./travel/transportation/mode_of_transportation,146,0.0,,,0,0.0,0.0,0.0,,,0,0.0,0.0,0.0,0.0,,,0.0
221,/location/country/official_language,225,0.5822222222222222,70,/language/human_language/countries_spoken_in,131,0.39104477611940297,0.30536130536130535,0.46785714285714286,70,/language/human_language/countries_spoken_in,131,0.5822222222222222,0.39104477611940297,0.30536130536130535,0.0,,,0.46785714285714286
222,/location/location/partially_contains,133,0.015037593984962405,58,/location/location/adjoin_s./location/adjoining_relationship/adjoins,2,0.0009751340809361287,0.0009165902841429881,0.004662004662004662,194,/location/capital_of_administrative_division/capital_of./location/administrative_division_capital_relationship/administrative_division,1,0.007518796992481203,0.0033783783783783786,0.002336448598130841,0.0018315018315018315,58,/location/location/adjoin_s./location/adjoining_relationship/adjoins,0.0028305028305028305
223,/film/film/film_art_direction_by,101,0.5346534653465347,38,/award/award_nominee/award_nominations./award/award_nomination/nominated_for,54,0.008602835749561893,0.008538899430740038,0.01693320790216369,38,/award/award_nominee/award_nominations./award/award_nomination/nominated_for,54,0.5346534653465347,0.008602835749561893,0.008538899430740038,0.009345794392523362,173,/film/film_set_designer/film_sets_designed,0.007587413509640328
224,/people/person/spouse_s./people/marriage/location_of_ceremony,251,0.01593625498007968,122,/base/popstra/location/vacationers./base/popstra/vacation_choice/vacationer,4,0.011461318051575931,0.006711409395973154,0.013333333333333334,122,/base/popstra/location/vacationers./base/popstra/vacation_choice/vacationer,4,0.01593625498007968,0.011461318051575931,0.006711409395973154,0.0,,,0.013333333333333334
225,/education/university/international_tuition./measurement_unit/dated_money_value/currency,117,0.0,,,0,0.0,0.0,0.0,,,0,0.0,0.0,0.0,0.0,,,0.0
226,/organization/organization_founder/organizations_founded,137,0.06569343065693431,76,/music/record_label/artist,9,0.004043126684636119,0.0038232795242141037,0.02459016393442623,165,/government/political_party/politicians_in_this_party./government/political_party_tenure/politician,3,0.021897810218978103,0.028037383177570093,0.012448132780082987,0.00761743546339399,76,/music/record_label/artist,0.01697272847103224
227,/film/film/dubbing_performances./film/dubbing_performance/actor,114,0.008771929824561403,6,/film/actor/film./film/performance/film,1,0.00010532968190436065,0.00010409076714895389,0.00020815986677768527,6,/film/actor/film./film/performance/film,1,0.008771929824561403,0.00010532968190436065,0.00010409076714895389,0.0,,,0.00020815986677768527
228,/dataworld/gardening_hint/split_to,99,0.10101010101010101,146,/education/educational_institution/campuses,10,0.01876172607879925,0.01607717041800643,0.03164556962025317,146,/education/educational_institution/campuses,10,0.10101010101010101,0.01876172607879925,0.01607717041800643,0.025599999999999998,81,/education/educational_institution_campus/educational_institution,0.006045569620253169
229,/medicine/disease/risk_factors,162,0.0,,,0,0.0,0.0,0.0,,,0,0.0,0.0,0.0,0.0,,,0.0
230,/film/film/prequel,180,0.15,97,/award/award_nominated_work/award_nominations./award/award_nomination/nominated_for,27,0.03765690376569038,0.03103448275862069,0.06020066889632107,97,/award/award_nominated_work/award_nominations./award/award_nomination/nominated_for,27,0.15,0.03765690376569038,0.03103448275862069,0.030534351145038167,141,/award/award_winning_work/awards_won./award/award_honor/honored_for,0.029666317751282905
231,/base/localfood/seasonal_month/produce_available./base/localfood/produce_availability/seasonal_months,108,0.0,,,0,0.0,0.0,0.0,,,0,0.0,0.0,0.0,0.0,,,0.0
232,/film/actor/dubbing_performances./film/dubbing_performance/language,112,0.008928571428571428,140,/education/field_of_study/students_majoring./education/education/student,1,0.003861003861003861,0.002702702702702703,0.005390835579514825,140,/education/field_of_study/students_majoring./education/education/student,1,0.008928571428571428,0.003861003861003861,0.002702702702702703,0.0,,,0.005390835579514825
233,/broadcast/content/artist,102,0.0,,,0,0.0,0.0,0.0,,,0,0.0,0.0,0.0,0.0,,,0.0
234,/location/statistical_region/gni_per_capita_in_ppp_dollars./measurement_unit/dated_money_value/currency,149,0.0,,,0,0.0,0.0,0.0,,,0,0.0,0.0,0.0,0.0,,,0.0
235,/music/instrument/family,100,0.43,75,/music/performance_role/track_performances./music/track_contribution/role,43,0.011330698287220026,0.011163032191069575,0.08375209380234507,57,/music/performance_role/guest_performances./music/recording_contribution/performance_role,25,0.25,0.05030181086519115,0.043706293706293704,0.026134301270417423,9,/music/performance_role/regular_performances./music/group_membership/role,0.05761779253192764
236,/government/politician/government_positions_held./government/government_position_held/jurisdiction_of_office,106,0.0,,,0,0.0,0.0,0.0,,,0,0.0,0.0,0.0,0.0,,,0.0
